[{"model": "admin.logentry", "pk": 1, "fields": {"action_time": "2023-08-13T16:36:38.735Z", "user": 1, "content_type": 6, "object_id": "1", "object_repr": "New Arrivals", "action_flag": 1, "change_message": "[{\"added\": {}}]"}}, {"model": "admin.logentry", "pk": 2, "fields": {"action_time": "2023-08-13T16:38:16.016Z", "user": 1, "content_type": 6, "object_id": "2", "object_repr": "FIFA WC22", "action_flag": 1, "change_message": "[{\"added\": {}}]"}}, {"model": "admin.logentry", "pk": 3, "fields": {"action_time": "2023-08-13T16:41:33.777Z", "user": 1, "content_type": 6, "object_id": "3", "object_repr": "Premier League", "action_flag": 1, "change_message": "[{\"added\": {}}]"}}, {"model": "admin.logentry", "pk": 4, "fields": {"action_time": "2023-08-13T16:42:39.823Z", "user": 1, "content_type": 6, "object_id": "3", "object_repr": "Premier League", "action_flag": 2, "change_message": "[{\"changed\": {\"fields\": [\"Img\"]}}]"}}, {"model": "admin.logentry", "pk": 5, "fields": {"action_time": "2023-08-13T16:44:05.137Z", "user": 1, "content_type": 6, "object_id": "4", "object_repr": "LA LIGA", "action_flag": 1, "change_message": "[{\"added\": {}}]"}}, {"model": "admin.logentry", "pk": 6, "fields": {"action_time": "2023-08-13T16:44:53.446Z", "user": 1, "content_type": 6, "object_id": "5", "object_repr": "Serie A", "action_flag": 1, "change_message": "[{\"added\": {}}]"}}, {"model": "admin.logentry", "pk": 7, "fields": {"action_time": "2023-08-13T16:46:07.052Z", "user": 1, "content_type": 6, "object_id": "6", "object_repr": "Other Top Clubs", "action_flag": 1, "change_message": "[{\"added\": {}}]"}}, {"model": "admin.logentry", "pk": 8, "fields": {"action_time": "2023-08-13T16:49:20.338Z", "user": 1, "content_type": 7, "object_id": "1", "object_repr": "Inter Miami CF", "action_flag": 1, "change_message": "[{\"added\": {}}]"}}, {"model": "admin.logentry", "pk": 9, "fields": {"action_time": "2023-08-13T16:50:22.418Z", "user": 1, "content_type": 7, "object_id": "2", "object_repr": "Al Nassr", "action_flag": 1, "change_message": "[{\"added\": {}}]"}}, {"model": "admin.logentry", "pk": 10, "fields": {"action_time": "2023-08-13T16:51:10.419Z", "user": 1, "content_type": 7, "object_id": "3", "object_repr": "Boca Juniors", "action_flag": 1, "change_message": "[{\"added\": {}}]"}}, {"model": "admin.logentry", "pk": 11, "fields": {"action_time": "2023-08-13T16:51:59.698Z", "user": 1, "content_type": 7, "object_id": "4", "object_repr": "Manchester United", "action_flag": 1, "change_message": "[{\"added\": {}}]"}}, {"model": "admin.logentry", "pk": 12, "fields": {"action_time": "2023-08-13T16:52:49.070Z", "user": 1, "content_type": 7, "object_id": "5", "object_repr": "Liverpool", "action_flag": 1, "change_message": "[{\"added\": {}}]"}}, {"model": "admin.logentry", "pk": 13, "fields": {"action_time": "2023-08-13T16:54:07.204Z", "user": 1, "content_type": 7, "object_id": "6", "object_repr": "Arsenal FC", "action_flag": 1, "change_message": "[{\"added\": {}}]"}}, {"model": "admin.logentry", "pk": 14, "fields": {"action_time": "2023-08-13T16:54:38.964Z", "user": 1, "content_type": 7, "object_id": "5", "object_repr": "Liverpool CF", "action_flag": 2, "change_message": "[{\"changed\": {\"fields\": [\"Name\"]}}]"}}, {"model": "admin.logentry", "pk": 15, "fields": {"action_time": "2023-08-13T16:56:27.915Z", "user": 1, "content_type": 7, "object_id": "7", "object_repr": "Chelsea FC", "action_flag": 1, "change_message": "[{\"added\": {}}]"}}, {"model": "admin.logentry", "pk": 16, "fields": {"action_time": "2023-08-13T16:57:06.324Z", "user": 1, "content_type": 7, "object_id": "8", "object_repr": "Manchester City", "action_flag": 1, "change_message": "[{\"added\": {}}]"}}, {"model": "admin.logentry", "pk": 17, "fields": {"action_time": "2023-08-13T16:58:37.015Z", "user": 1, "content_type": 7, "object_id": "9", "object_repr": "Tottenham Hotspur", "action_flag": 1, "change_message": "[{\"added\": {}}]"}}, {"model": "admin.logentry", "pk": 18, "fields": {"action_time": "2023-08-13T16:59:52.142Z", "user": 1, "content_type": 7, "object_id": "10", "object_repr": "FC Barcelona", "action_flag": 1, "change_message": "[{\"added\": {}}]"}}, {"model": "admin.logentry", "pk": 19, "fields": {"action_time": "2023-08-13T17:00:38.831Z", "user": 1, "content_type": 7, "object_id": "11", "object_repr": "Real Madrid C.F", "action_flag": 1, "change_message": "[{\"added\": {}}]"}}, {"model": "admin.logentry", "pk": 20, "fields": {"action_time": "2023-08-13T17:01:33.845Z", "user": 1, "content_type": 7, "object_id": "12", "object_repr": "Athletico Madrid", "action_flag": 1, "change_message": "[{\"added\": {}}]"}}, {"model": "admin.logentry", "pk": 21, "fields": {"action_time": "2023-08-13T17:02:29.631Z", "user": 1, "content_type": 7, "object_id": "13", "object_repr": "Sevilla FC", "action_flag": 1, "change_message": "[{\"added\": {}}]"}}, {"model": "admin.logentry", "pk": 22, "fields": {"action_time": "2023-08-13T17:03:36.404Z", "user": 1, "content_type": 7, "object_id": "14", "object_repr": "AC Milan FC", "action_flag": 1, "change_message": "[{\"added\": {}}]"}}, {"model": "admin.logentry", "pk": 23, "fields": {"action_time": "2023-08-13T17:05:22.111Z", "user": 1, "content_type": 7, "object_id": "15", "object_repr": "Juventus FC", "action_flag": 1, "change_message": "[{\"added\": {}}]"}}, {"model": "admin.logentry", "pk": 24, "fields": {"action_time": "2023-08-13T17:07:45.603Z", "user": 1, "content_type": 7, "object_id": "16", "object_repr": "FC Inter Milan", "action_flag": 1, "change_message": "[{\"added\": {}}]"}}, {"model": "admin.logentry", "pk": 25, "fields": {"action_time": "2023-08-13T17:08:40.688Z", "user": 1, "content_type": 7, "object_id": "17", "object_repr": "Napoli FC", "action_flag": 1, "change_message": "[{\"added\": {}}]"}}, {"model": "admin.logentry", "pk": 26, "fields": {"action_time": "2023-08-13T17:09:53.096Z", "user": 1, "content_type": 7, "object_id": "18", "object_repr": "FC Bayern Munchen", "action_flag": 1, "change_message": "[{\"added\": {}}]"}}, {"model": "admin.logentry", "pk": 27, "fields": {"action_time": "2023-08-13T17:10:34.671Z", "user": 1, "content_type": 7, "object_id": "19", "object_repr": "Paris Saint Germain", "action_flag": 1, "change_message": "[{\"added\": {}}]"}}, {"model": "admin.logentry", "pk": 28, "fields": {"action_time": "2023-08-13T17:11:33.308Z", "user": 1, "content_type": 7, "object_id": "20", "object_repr": "Borussia Dortmund CF", "action_flag": 1, "change_message": "[{\"added\": {}}]"}}, {"model": "admin.logentry", "pk": 29, "fields": {"action_time": "2023-08-13T17:12:17.879Z", "user": 1, "content_type": 7, "object_id": "21", "object_repr": "Ajax FC", "action_flag": 1, "change_message": "[{\"added\": {}}]"}}, {"model": "admin.logentry", "pk": 30, "fields": {"action_time": "2023-08-13T17:15:38.059Z", "user": 1, "content_type": 7, "object_id": "22", "object_repr": "ARGENTINA", "action_flag": 1, "change_message": "[{\"added\": {}}]"}}, {"model": "admin.logentry", "pk": 31, "fields": {"action_time": "2023-08-13T17:18:02.623Z", "user": 1, "content_type": 7, "object_id": "23", "object_repr": "BRAZIL", "action_flag": 1, "change_message": "[{\"added\": {}}]"}}, {"model": "admin.logentry", "pk": 32, "fields": {"action_time": "2023-08-13T17:26:50.929Z", "user": 1, "content_type": 7, "object_id": "24", "object_repr": "FRANCE", "action_flag": 1, "change_message": "[{\"added\": {}}]"}}, {"model": "admin.logentry", "pk": 33, "fields": {"action_time": "2023-08-13T17:28:16.889Z", "user": 1, "content_type": 7, "object_id": "25", "object_repr": "ENGLAND", "action_flag": 1, "change_message": "[{\"added\": {}}]"}}, {"model": "admin.logentry", "pk": 34, "fields": {"action_time": "2023-08-13T17:30:34.482Z", "user": 1, "content_type": 7, "object_id": "26", "object_repr": "PORTUGAL", "action_flag": 1, "change_message": "[{\"added\": {}}]"}}, {"model": "admin.logentry", "pk": 35, "fields": {"action_time": "2023-08-13T17:31:56.314Z", "user": 1, "content_type": 7, "object_id": "27", "object_repr": "GERMANY", "action_flag": 1, "change_message": "[{\"added\": {}}]"}}, {"model": "admin.logentry", "pk": 36, "fields": {"action_time": "2023-08-13T17:33:06.963Z", "user": 1, "content_type": 7, "object_id": "28", "object_repr": "NEDERLANDS", "action_flag": 1, "change_message": "[{\"added\": {}}]"}}, {"model": "admin.logentry", "pk": 37, "fields": {"action_time": "2023-08-13T17:34:58.058Z", "user": 1, "content_type": 7, "object_id": "29", "object_repr": "URUGUAY", "action_flag": 1, "change_message": "[{\"added\": {}}]"}}, {"model": "admin.logentry", "pk": 38, "fields": {"action_time": "2023-08-13T17:36:10.893Z", "user": 1, "content_type": 7, "object_id": "30", "object_repr": "SPAIN", "action_flag": 1, "change_message": "[{\"added\": {}}]"}}, {"model": "admin.logentry", "pk": 39, "fields": {"action_time": "2023-08-13T17:38:31.841Z", "user": 1, "content_type": 7, "object_id": "31", "object_repr": "CROATIA", "action_flag": 1, "change_message": "[{\"added\": {}}]"}}, {"model": "admin.logentry", "pk": 40, "fields": {"action_time": "2023-08-13T17:39:42.696Z", "user": 1, "content_type": 7, "object_id": "32", "object_repr": "ITALY", "action_flag": 1, "change_message": "[{\"added\": {}}]"}}, {"model": "admin.logentry", "pk": 41, "fields": {"action_time": "2023-08-13T17:42:21.318Z", "user": 1, "content_type": 10, "object_id": "1", "object_repr": "Barcelona Home", "action_flag": 1, "change_message": "[{\"added\": {}}]"}}, {"model": "admin.logentry", "pk": 42, "fields": {"action_time": "2023-08-13T17:43:38.651Z", "user": 1, "content_type": 10, "object_id": "2", "object_repr": "Manchester United Home", "action_flag": 1, "change_message": "[{\"added\": {}}]"}}, {"model": "admin.logentry", "pk": 43, "fields": {"action_time": "2023-08-13T17:45:47.875Z", "user": 1, "content_type": 10, "object_id": "3", "object_repr": "Arsenal Away", "action_flag": 1, "change_message": "[{\"added\": {}}]"}}, {"model": "admin.logentry", "pk": 44, "fields": {"action_time": "2023-08-13T17:47:35.480Z", "user": 1, "content_type": 10, "object_id": "4", "object_repr": "Brazil Home", "action_flag": 1, "change_message": "[{\"added\": {}}]"}}, {"model": "admin.logentry", "pk": 45, "fields": {"action_time": "2023-08-14T04:05:06.365Z", "user": 1, "content_type": 10, "object_id": "5", "object_repr": "Manchester City Home", "action_flag": 1, "change_message": "[{\"added\": {}}]"}}, {"model": "admin.logentry", "pk": 46, "fields": {"action_time": "2023-08-14T04:06:24.964Z", "user": 1, "content_type": 10, "object_id": "6", "object_repr": "PSG Home", "action_flag": 1, "change_message": "[{\"added\": {}}]"}}, {"model": "admin.logentry", "pk": 47, "fields": {"action_time": "2023-08-14T04:07:20.203Z", "user": 1, "content_type": 10, "object_id": "7", "object_repr": "Real Madrid Away", "action_flag": 1, "change_message": "[{\"added\": {}}]"}}, {"model": "admin.logentry", "pk": 48, "fields": {"action_time": "2023-08-14T04:15:17.125Z", "user": 1, "content_type": 10, "object_id": "8", "object_repr": "Chelsea Away", "action_flag": 1, "change_message": "[{\"added\": {}}]"}}, {"model": "admin.logentry", "pk": 49, "fields": {"action_time": "2023-08-14T04:16:22.363Z", "user": 1, "content_type": 10, "object_id": "9", "object_repr": "Argentina Home", "action_flag": 1, "change_message": "[{\"added\": {}}]"}}, {"model": "admin.logentry", "pk": 50, "fields": {"action_time": "2023-08-14T04:17:23.482Z", "user": 1, "content_type": 10, "object_id": "10", "object_repr": "AC Milan Home", "action_flag": 1, "change_message": "[{\"added\": {}}]"}}, {"model": "admin.logentry", "pk": 51, "fields": {"action_time": "2023-08-14T05:08:57.730Z", "user": 1, "content_type": 10, "object_id": "11", "object_repr": "Juventus Home", "action_flag": 1, "change_message": "[{\"added\": {}}]"}}, {"model": "admin.logentry", "pk": 52, "fields": {"action_time": "2023-08-14T05:10:31.394Z", "user": 1, "content_type": 10, "object_id": "12", "object_repr": "Borrussia Dortmund Away", "action_flag": 1, "change_message": "[{\"added\": {}}]"}}, {"model": "admin.logentry", "pk": 53, "fields": {"action_time": "2023-08-14T05:13:17.505Z", "user": 1, "content_type": 10, "object_id": "13", "object_repr": "Portugal Home", "action_flag": 1, "change_message": "[{\"added\": {}}]"}}, {"model": "admin.logentry", "pk": 54, "fields": {"action_time": "2023-08-14T05:20:17.933Z", "user": 1, "content_type": 10, "object_id": "14", "object_repr": "France Home", "action_flag": 1, "change_message": "[{\"added\": {}}]"}}, {"model": "admin.logentry", "pk": 55, "fields": {"action_time": "2023-08-14T05:26:03.530Z", "user": 1, "content_type": 10, "object_id": "15", "object_repr": "England Away", "action_flag": 1, "change_message": "[{\"added\": {}}]"}}, {"model": "admin.logentry", "pk": 56, "fields": {"action_time": "2023-08-14T05:27:11.391Z", "user": 1, "content_type": 10, "object_id": "16", "object_repr": "Inter Milan Home", "action_flag": 1, "change_message": "[{\"added\": {}}]"}}, {"model": "admin.logentry", "pk": 57, "fields": {"action_time": "2023-08-14T05:28:23.714Z", "user": 1, "content_type": 10, "object_id": "17", "object_repr": "Germany Away", "action_flag": 1, "change_message": "[{\"added\": {}}]"}}, {"model": "admin.logentry", "pk": 58, "fields": {"action_time": "2023-08-14T05:29:31.883Z", "user": 1, "content_type": 10, "object_id": "18", "object_repr": "Spain Away", "action_flag": 1, "change_message": "[{\"added\": {}}]"}}, {"model": "admin.logentry", "pk": 59, "fields": {"action_time": "2023-08-14T05:30:27.242Z", "user": 1, "content_type": 10, "object_id": "19", "object_repr": "Tottenham Away", "action_flag": 1, "change_message": "[{\"added\": {}}]"}}, {"model": "admin.logentry", "pk": 60, "fields": {"action_time": "2023-08-14T05:32:41.962Z", "user": 1, "content_type": 10, "object_id": "20", "object_repr": "Ajax Home", "action_flag": 1, "change_message": "[{\"added\": {}}]"}}, {"model": "admin.logentry", "pk": 61, "fields": {"action_time": "2023-08-14T05:34:05.675Z", "user": 1, "content_type": 10, "object_id": "21", "object_repr": "Bayern Home", "action_flag": 1, "change_message": "[{\"added\": {}}]"}}, {"model": "admin.logentry", "pk": 62, "fields": {"action_time": "2023-08-14T05:35:43.663Z", "user": 1, "content_type": 10, "object_id": "22", "object_repr": "Manchester 1998", "action_flag": 1, "change_message": "[{\"added\": {}}]"}}, {"model": "admin.logentry", "pk": 63, "fields": {"action_time": "2023-08-14T05:36:42.922Z", "user": 1, "content_type": 10, "object_id": "23", "object_repr": "Barcelona 1999", "action_flag": 1, "change_message": "[{\"added\": {}}]"}}, {"model": "admin.logentry", "pk": 64, "fields": {"action_time": "2023-08-14T05:38:05.484Z", "user": 1, "content_type": 10, "object_id": "24", "object_repr": "Arsenal 2005", "action_flag": 1, "change_message": "[{\"added\": {}}]"}}, {"model": "admin.logentry", "pk": 65, "fields": {"action_time": "2023-08-14T05:39:13.963Z", "user": 1, "content_type": 10, "object_id": "25", "object_repr": "BRAZIL 2002", "action_flag": 1, "change_message": "[{\"added\": {}}]"}}, {"model": "admin.logentry", "pk": 66, "fields": {"action_time": "2023-08-14T05:39:46.283Z", "user": 1, "content_type": 10, "object_id": "24", "object_repr": "Arsenal 2005", "action_flag": 2, "change_message": "[{\"changed\": {\"fields\": [\"Type\"]}}]"}}, {"model": "admin.logentry", "pk": 67, "fields": {"action_time": "2023-08-14T05:41:03.082Z", "user": 1, "content_type": 10, "object_id": "26", "object_repr": "GERMANY 1994", "action_flag": 1, "change_message": "[{\"added\": {}}]"}}, {"model": "admin.logentry", "pk": 68, "fields": {"action_time": "2023-08-14T05:42:38.443Z", "user": 1, "content_type": 10, "object_id": "27", "object_repr": "Liverpool 2005", "action_flag": 1, "change_message": "[{\"added\": {}}]"}}, {"model": "admin.logentry", "pk": 69, "fields": {"action_time": "2023-08-14T05:45:24.204Z", "user": 1, "content_type": 10, "object_id": "28", "object_repr": "England 1998", "action_flag": 1, "change_message": "[{\"added\": {}}]"}}, {"model": "admin.logentry", "pk": 70, "fields": {"action_time": "2023-08-14T05:46:41.003Z", "user": 1, "content_type": 10, "object_id": "29", "object_repr": "AC Milan 2006", "action_flag": 1, "change_message": "[{\"added\": {}}]"}}, {"model": "admin.logentry", "pk": 71, "fields": {"action_time": "2023-08-14T05:47:37.644Z", "user": 1, "content_type": 10, "object_id": "22", "object_repr": "Manchester United 1998", "action_flag": 2, "change_message": "[{\"changed\": {\"fields\": [\"Product name\", \"Actual price\", \"Discount price\"]}}]"}}, {"model": "admin.logentry", "pk": 72, "fields": {"action_time": "2023-08-14T05:50:13.165Z", "user": 1, "content_type": 10, "object_id": "30", "object_repr": "SPAIN 2010", "action_flag": 1, "change_message": "[{\"added\": {}}]"}}, {"model": "admin.logentry", "pk": 73, "fields": {"action_time": "2023-08-14T05:52:07.075Z", "user": 1, "content_type": 10, "object_id": "31", "object_repr": "Chelsea 2012", "action_flag": 1, "change_message": "[{\"added\": {}}]"}}, {"model": "admin.logentry", "pk": 74, "fields": {"action_time": "2023-08-14T05:56:36.866Z", "user": 1, "content_type": 10, "object_id": "32", "object_repr": "Argentina 1998 Away", "action_flag": 1, "change_message": "[{\"added\": {}}]"}}, {"model": "admin.logentry", "pk": 75, "fields": {"action_time": "2023-08-14T05:58:18.311Z", "user": 1, "content_type": 10, "object_id": "33", "object_repr": "Juventus 2004", "action_flag": 1, "change_message": "[{\"added\": {}}]"}}, {"model": "admin.logentry", "pk": 76, "fields": {"action_time": "2023-08-14T05:59:20.388Z", "user": 1, "content_type": 10, "object_id": "34", "object_repr": "Barcelona 2011", "action_flag": 1, "change_message": "[{\"added\": {}}]"}}, {"model": "admin.logentry", "pk": 77, "fields": {"action_time": "2023-08-14T06:00:30.486Z", "user": 1, "content_type": 10, "object_id": "35", "object_repr": "Manchester United 2008", "action_flag": 1, "change_message": "[{\"added\": {}}]"}}, {"model": "admin.logentry", "pk": 78, "fields": {"action_time": "2023-08-14T06:01:52.407Z", "user": 1, "content_type": 10, "object_id": "36", "object_repr": "Arsenal 2003", "action_flag": 1, "change_message": "[{\"added\": {}}]"}}, {"model": "admin.logentry", "pk": 79, "fields": {"action_time": "2023-08-14T06:03:16.246Z", "user": 1, "content_type": 10, "object_id": "37", "object_repr": "Inter Milan 1995", "action_flag": 1, "change_message": "[{\"added\": {}}]"}}, {"model": "admin.logentry", "pk": 80, "fields": {"action_time": "2023-08-14T06:04:42.326Z", "user": 1, "content_type": 10, "object_id": "38", "object_repr": "FRANCE 2006 Away", "action_flag": 1, "change_message": "[{\"added\": {}}]"}}, {"model": "admin.logentry", "pk": 81, "fields": {"action_time": "2023-08-14T06:06:18.329Z", "user": 1, "content_type": 10, "object_id": "39", "object_repr": "Italy 2006", "action_flag": 1, "change_message": "[{\"added\": {}}]"}}, {"model": "admin.logentry", "pk": 82, "fields": {"action_time": "2023-08-14T06:07:30.647Z", "user": 1, "content_type": 10, "object_id": "40", "object_repr": "Bayern Retro", "action_flag": 1, "change_message": "[{\"added\": {}}]"}}, {"model": "admin.logentry", "pk": 83, "fields": {"action_time": "2023-08-14T06:11:43.447Z", "user": 1, "content_type": 10, "object_id": "41", "object_repr": "Real Madrid 2011", "action_flag": 1, "change_message": "[{\"added\": {}}]"}}, {"model": "admin.logentry", "pk": 84, "fields": {"action_time": "2023-08-14T06:13:31.589Z", "user": 1, "content_type": 10, "object_id": "42", "object_repr": "Diego Maradona 1986", "action_flag": 1, "change_message": "[{\"added\": {}}]"}}, {"model": "admin.logentry", "pk": 85, "fields": {"action_time": "2023-08-14T06:14:37.488Z", "user": 1, "content_type": 10, "object_id": "43", "object_repr": "Ronaldo Nazario 1998", "action_flag": 1, "change_message": "[{\"added\": {}}]"}}, {"model": "admin.logentry", "pk": 86, "fields": {"action_time": "2023-08-14T06:16:24.004Z", "user": 1, "content_type": 10, "object_id": "44", "object_repr": "David Beckham 1999", "action_flag": 1, "change_message": "[{\"added\": {}}]"}}, {"model": "admin.logentry", "pk": 87, "fields": {"action_time": "2023-08-14T06:17:42.102Z", "user": 1, "content_type": 10, "object_id": "45", "object_repr": "Zidane 1998", "action_flag": 1, "change_message": "[{\"added\": {}}]"}}, {"model": "admin.logentry", "pk": 88, "fields": {"action_time": "2023-08-14T06:19:19.869Z", "user": 1, "content_type": 10, "object_id": "46", "object_repr": "Ronaldinho 2005", "action_flag": 1, "change_message": "[{\"added\": {}}]"}}, {"model": "admin.logentry", "pk": 89, "fields": {"action_time": "2023-08-14T06:20:50.512Z", "user": 1, "content_type": 10, "object_id": "47", "object_repr": "Paolo Maldini 2006", "action_flag": 1, "change_message": "[{\"added\": {}}]"}}, {"model": "admin.logentry", "pk": 90, "fields": {"action_time": "2023-08-14T06:22:21.313Z", "user": 1, "content_type": 10, "object_id": "48", "object_repr": "Roberto Carlos 2002", "action_flag": 1, "change_message": "[{\"added\": {}}]"}}, {"model": "admin.logentry", "pk": 91, "fields": {"action_time": "2023-08-14T06:24:16.907Z", "user": 1, "content_type": 10, "object_id": "49", "object_repr": "Dennis Bergkamp Legendary Version", "action_flag": 1, "change_message": "[{\"added\": {}}]"}}, {"model": "admin.logentry", "pk": 92, "fields": {"action_time": "2023-08-14T06:25:42.386Z", "user": 1, "content_type": 10, "object_id": "50", "object_repr": "Del Piero 2004", "action_flag": 1, "change_message": "[{\"added\": {}}]"}}, {"model": "admin.logentry", "pk": 93, "fields": {"action_time": "2023-08-14T06:27:22.562Z", "user": 1, "content_type": 10, "object_id": "51", "object_repr": "Lothar Matthaus Retro", "action_flag": 1, "change_message": "[{\"added\": {}}]"}}, {"model": "admin.logentry", "pk": 94, "fields": {"action_time": "2023-08-14T06:28:36.180Z", "user": 1, "content_type": 10, "object_id": "52", "object_repr": "Luiz Figo 2004", "action_flag": 1, "change_message": "[{\"added\": {}}]"}}, {"model": "admin.logentry", "pk": 95, "fields": {"action_time": "2023-08-14T06:38:02.925Z", "user": 1, "content_type": 10, "object_id": "53", "object_repr": "Rivaldo 1999", "action_flag": 1, "change_message": "[{\"added\": {}}]"}}, {"model": "admin.logentry", "pk": 96, "fields": {"action_time": "2023-08-14T06:42:12.547Z", "user": 1, "content_type": 10, "object_id": "54", "object_repr": "Cristiano Ronaldo 2008", "action_flag": 1, "change_message": "[{\"added\": {}}]"}}, {"model": "admin.logentry", "pk": 97, "fields": {"action_time": "2023-08-14T06:44:01.243Z", "user": 1, "content_type": 10, "object_id": "55", "object_repr": "Ricardo Kaka 2006", "action_flag": 1, "change_message": "[{\"added\": {}}]"}}, {"model": "admin.logentry", "pk": 98, "fields": {"action_time": "2023-08-14T06:49:03.337Z", "user": 1, "content_type": 10, "object_id": "56", "object_repr": "Sneijder 2010", "action_flag": 1, "change_message": "[{\"added\": {}}]"}}, {"model": "admin.logentry", "pk": 99, "fields": {"action_time": "2023-08-14T06:56:31.340Z", "user": 1, "content_type": 10, "object_id": "57", "object_repr": "Ankara Messi 2009", "action_flag": 1, "change_message": "[{\"added\": {}}]"}}, {"model": "admin.logentry", "pk": 100, "fields": {"action_time": "2023-08-14T07:08:19.921Z", "user": 1, "content_type": 10, "object_id": "58", "object_repr": "Steven Gerrard 2005", "action_flag": 1, "change_message": "[{\"added\": {}}]"}}, {"model": "admin.logentry", "pk": 101, "fields": {"action_time": "2023-08-14T07:09:53.037Z", "user": 1, "content_type": 10, "object_id": "50", "object_repr": "Del Piero 1999", "action_flag": 2, "change_message": "[{\"changed\": {\"fields\": [\"Product name\", \"Slug\", \"Product img\", \"Product img2\"]}}]"}}, {"model": "admin.logentry", "pk": 102, "fields": {"action_time": "2023-08-14T07:11:44.720Z", "user": 1, "content_type": 10, "object_id": "51", "object_repr": "Didier Drogba 2012", "action_flag": 2, "change_message": "[{\"changed\": {\"fields\": [\"Product name\", \"Product img\", \"Product img2\"]}}]"}}, {"model": "admin.logentry", "pk": 103, "fields": {"action_time": "2023-08-14T07:12:58.960Z", "user": 1, "content_type": 10, "object_id": "51", "object_repr": "Didier Drogba 2012", "action_flag": 2, "change_message": "[{\"changed\": {\"fields\": [\"Club\"]}}]"}}, {"model": "admin.logentry", "pk": 104, "fields": {"action_time": "2023-08-14T07:14:50.837Z", "user": 1, "content_type": 10, "object_id": "59", "object_repr": "Thierry Henry 2004", "action_flag": 1, "change_message": "[{\"added\": {}}]"}}, {"model": "admin.logentry", "pk": 105, "fields": {"action_time": "2023-08-14T07:20:00.722Z", "user": 1, "content_type": 10, "object_id": "60", "object_repr": "Puyol 2004", "action_flag": 1, "change_message": "[{\"added\": {}}]"}}, {"model": "admin.logentry", "pk": 106, "fields": {"action_time": "2023-08-14T07:29:24.564Z", "user": 1, "content_type": 10, "object_id": "61", "object_repr": "Diego Forlan 2010", "action_flag": 1, "change_message": "[{\"added\": {}}]"}}, {"model": "admin.logentry", "pk": 107, "fields": {"action_time": "2023-08-14T07:31:17.523Z", "user": 1, "content_type": 10, "object_id": "62", "object_repr": "Inter Miami Home", "action_flag": 1, "change_message": "[{\"added\": {}}]"}}, {"model": "admin.logentry", "pk": 108, "fields": {"action_time": "2023-08-14T07:32:56.084Z", "user": 1, "content_type": 10, "object_id": "63", "object_repr": "Al Nassr Home", "action_flag": 1, "change_message": "[{\"added\": {}}]"}}, {"model": "admin.logentry", "pk": 109, "fields": {"action_time": "2023-08-14T07:34:12.883Z", "user": 1, "content_type": 10, "object_id": "64", "object_repr": "Manchester United Away 23/24", "action_flag": 1, "change_message": "[{\"added\": {}}]"}}, {"model": "admin.logentry", "pk": 110, "fields": {"action_time": "2023-08-14T07:40:59.925Z", "user": 1, "content_type": 10, "object_id": "65", "object_repr": "Real Madrid Home", "action_flag": 1, "change_message": "[{\"added\": {}}]"}}, {"model": "admin.logentry", "pk": 111, "fields": {"action_time": "2023-08-14T07:44:41.243Z", "user": 1, "content_type": 10, "object_id": "66", "object_repr": "Maradona Boca Juniors 1981", "action_flag": 1, "change_message": "[{\"added\": {}}, {\"added\": {\"name\": \"product image\", \"object\": \"ProductImage object (1)\"}}, {\"added\": {\"name\": \"product image\", \"object\": \"ProductImage object (2)\"}}, {\"added\": {\"name\": \"product image\", \"object\": \"ProductImage object (3)\"}}]"}}, {"model": "admin.logentry", "pk": 112, "fields": {"action_time": "2023-08-14T07:45:48.517Z", "user": 1, "content_type": 10, "object_id": "55", "object_repr": "Ricardo Kaka 2006", "action_flag": 2, "change_message": "[{\"changed\": {\"fields\": [\"Product img\"]}}]"}}, {"model": "admin.logentry", "pk": 113, "fields": {"action_time": "2023-08-14T07:54:45.846Z", "user": 1, "content_type": 10, "object_id": "67", "object_repr": "Maradona Napoli 1988", "action_flag": 1, "change_message": "[{\"added\": {}}, {\"added\": {\"name\": \"product image\", \"object\": \"ProductImage object (4)\"}}]"}}, {"model": "admin.logentry", "pk": 114, "fields": {"action_time": "2023-08-14T08:00:20.619Z", "user": 1, "content_type": 10, "object_id": "68", "object_repr": "Maradona Napoli 1986", "action_flag": 1, "change_message": "[{\"added\": {}}]"}}, {"model": "admin.logentry", "pk": 115, "fields": {"action_time": "2023-08-14T08:03:44.789Z", "user": 1, "content_type": 10, "object_id": "69", "object_repr": "Maradona 1986 Home", "action_flag": 1, "change_message": "[{\"added\": {}}, {\"added\": {\"name\": \"product image\", \"object\": \"ProductImage object (5)\"}}]"}}, {"model": "admin.logentry", "pk": 116, "fields": {"action_time": "2023-08-14T08:04:53.270Z", "user": 1, "content_type": 10, "object_id": "70", "object_repr": "Maradona - Hand of God", "action_flag": 1, "change_message": "[{\"added\": {}}]"}}, {"model": "admin.logentry", "pk": 117, "fields": {"action_time": "2023-08-14T08:07:56.889Z", "user": 1, "content_type": 6, "object_id": "6", "object_repr": "Other Top Clubs", "action_flag": 2, "change_message": "[{\"changed\": {\"fields\": [\"Img\"]}}]"}}, {"model": "auth.permission", "pk": 1, "fields": {"name": "Can add log entry", "content_type": 1, "codename": "add_logentry"}}, {"model": "auth.permission", "pk": 2, "fields": {"name": "Can change log entry", "content_type": 1, "codename": "change_logentry"}}, {"model": "auth.permission", "pk": 3, "fields": {"name": "Can delete log entry", "content_type": 1, "codename": "delete_logentry"}}, {"model": "auth.permission", "pk": 4, "fields": {"name": "Can view log entry", "content_type": 1, "codename": "view_logentry"}}, {"model": "auth.permission", "pk": 5, "fields": {"name": "Can add permission", "content_type": 2, "codename": "add_permission"}}, {"model": "auth.permission", "pk": 6, "fields": {"name": "Can change permission", "content_type": 2, "codename": "change_permission"}}, {"model": "auth.permission", "pk": 7, "fields": {"name": "Can delete permission", "content_type": 2, "codename": "delete_permission"}}, {"model": "auth.permission", "pk": 8, "fields": {"name": "Can view permission", "content_type": 2, "codename": "view_permission"}}, {"model": "auth.permission", "pk": 9, "fields": {"name": "Can add group", "content_type": 3, "codename": "add_group"}}, {"model": "auth.permission", "pk": 10, "fields": {"name": "Can change group", "content_type": 3, "codename": "change_group"}}, {"model": "auth.permission", "pk": 11, "fields": {"name": "Can delete group", "content_type": 3, "codename": "delete_group"}}, {"model": "auth.permission", "pk": 12, "fields": {"name": "Can view group", "content_type": 3, "codename": "view_group"}}, {"model": "auth.permission", "pk": 13, "fields": {"name": "Can add content type", "content_type": 4, "codename": "add_contenttype"}}, {"model": "auth.permission", "pk": 14, "fields": {"name": "Can change content type", "content_type": 4, "codename": "change_contenttype"}}, {"model": "auth.permission", "pk": 15, "fields": {"name": "Can delete content type", "content_type": 4, "codename": "delete_contenttype"}}, {"model": "auth.permission", "pk": 16, "fields": {"name": "Can view content type", "content_type": 4, "codename": "view_contenttype"}}, {"model": "auth.permission", "pk": 17, "fields": {"name": "Can add session", "content_type": 5, "codename": "add_session"}}, {"model": "auth.permission", "pk": 18, "fields": {"name": "Can change session", "content_type": 5, "codename": "change_session"}}, {"model": "auth.permission", "pk": 19, "fields": {"name": "Can delete session", "content_type": 5, "codename": "delete_session"}}, {"model": "auth.permission", "pk": 20, "fields": {"name": "Can view session", "content_type": 5, "codename": "view_session"}}, {"model": "auth.permission", "pk": 21, "fields": {"name": "Can add league", "content_type": 6, "codename": "add_league"}}, {"model": "auth.permission", "pk": 22, "fields": {"name": "Can change league", "content_type": 6, "codename": "change_league"}}, {"model": "auth.permission", "pk": 23, "fields": {"name": "Can delete league", "content_type": 6, "codename": "delete_league"}}, {"model": "auth.permission", "pk": 24, "fields": {"name": "Can view league", "content_type": 6, "codename": "view_league"}}, {"model": "auth.permission", "pk": 25, "fields": {"name": "Can add club", "content_type": 7, "codename": "add_club"}}, {"model": "auth.permission", "pk": 26, "fields": {"name": "Can change club", "content_type": 7, "codename": "change_club"}}, {"model": "auth.permission", "pk": 27, "fields": {"name": "Can delete club", "content_type": 7, "codename": "delete_club"}}, {"model": "auth.permission", "pk": 28, "fields": {"name": "Can view club", "content_type": 7, "codename": "view_club"}}, {"model": "auth.permission", "pk": 29, "fields": {"name": "Can add account", "content_type": 8, "codename": "add_account"}}, {"model": "auth.permission", "pk": 30, "fields": {"name": "Can change account", "content_type": 8, "codename": "change_account"}}, {"model": "auth.permission", "pk": 31, "fields": {"name": "Can delete account", "content_type": 8, "codename": "delete_account"}}, {"model": "auth.permission", "pk": 32, "fields": {"name": "Can view account", "content_type": 8, "codename": "view_account"}}, {"model": "auth.permission", "pk": 33, "fields": {"name": "Can add user profile", "content_type": 9, "codename": "add_userprofile"}}, {"model": "auth.permission", "pk": 34, "fields": {"name": "Can change user profile", "content_type": 9, "codename": "change_userprofile"}}, {"model": "auth.permission", "pk": 35, "fields": {"name": "Can delete user profile", "content_type": 9, "codename": "delete_userprofile"}}, {"model": "auth.permission", "pk": 36, "fields": {"name": "Can view user profile", "content_type": 9, "codename": "view_userprofile"}}, {"model": "auth.permission", "pk": 37, "fields": {"name": "Can add product", "content_type": 10, "codename": "add_product"}}, {"model": "auth.permission", "pk": 38, "fields": {"name": "Can change product", "content_type": 10, "codename": "change_product"}}, {"model": "auth.permission", "pk": 39, "fields": {"name": "Can delete product", "content_type": 10, "codename": "delete_product"}}, {"model": "auth.permission", "pk": 40, "fields": {"name": "Can view product", "content_type": 10, "codename": "view_product"}}, {"model": "auth.permission", "pk": 41, "fields": {"name": "Can add retro category", "content_type": 11, "codename": "add_retrocategory"}}, {"model": "auth.permission", "pk": 42, "fields": {"name": "Can change retro category", "content_type": 11, "codename": "change_retrocategory"}}, {"model": "auth.permission", "pk": 43, "fields": {"name": "Can delete retro category", "content_type": 11, "codename": "delete_retrocategory"}}, {"model": "auth.permission", "pk": 44, "fields": {"name": "Can view retro category", "content_type": 11, "codename": "view_retrocategory"}}, {"model": "auth.permission", "pk": 45, "fields": {"name": "Can add variation", "content_type": 12, "codename": "add_variation"}}, {"model": "auth.permission", "pk": 46, "fields": {"name": "Can change variation", "content_type": 12, "codename": "change_variation"}}, {"model": "auth.permission", "pk": 47, "fields": {"name": "Can delete variation", "content_type": 12, "codename": "delete_variation"}}, {"model": "auth.permission", "pk": 48, "fields": {"name": "Can view variation", "content_type": 12, "codename": "view_variation"}}, {"model": "auth.permission", "pk": 49, "fields": {"name": "Can add retro product", "content_type": 13, "codename": "add_retroproduct"}}, {"model": "auth.permission", "pk": 50, "fields": {"name": "Can change retro product", "content_type": 13, "codename": "change_retroproduct"}}, {"model": "auth.permission", "pk": 51, "fields": {"name": "Can delete retro product", "content_type": 13, "codename": "delete_retroproduct"}}, {"model": "auth.permission", "pk": 52, "fields": {"name": "Can view retro product", "content_type": 13, "codename": "view_retroproduct"}}, {"model": "auth.permission", "pk": 53, "fields": {"name": "Can add product image", "content_type": 14, "codename": "add_productimage"}}, {"model": "auth.permission", "pk": 54, "fields": {"name": "Can change product image", "content_type": 14, "codename": "change_productimage"}}, {"model": "auth.permission", "pk": 55, "fields": {"name": "Can delete product image", "content_type": 14, "codename": "delete_productimage"}}, {"model": "auth.permission", "pk": 56, "fields": {"name": "Can view product image", "content_type": 14, "codename": "view_productimage"}}, {"model": "auth.permission", "pk": 57, "fields": {"name": "Can add user wish list", "content_type": 15, "codename": "add_userwishlist"}}, {"model": "auth.permission", "pk": 58, "fields": {"name": "Can change user wish list", "content_type": 15, "codename": "change_userwishlist"}}, {"model": "auth.permission", "pk": 59, "fields": {"name": "Can delete user wish list", "content_type": 15, "codename": "delete_userwishlist"}}, {"model": "auth.permission", "pk": 60, "fields": {"name": "Can view user wish list", "content_type": 15, "codename": "view_userwishlist"}}, {"model": "auth.permission", "pk": 61, "fields": {"name": "Can add wish list product", "content_type": 16, "codename": "add_wishlistproduct"}}, {"model": "auth.permission", "pk": 62, "fields": {"name": "Can change wish list product", "content_type": 16, "codename": "change_wishlistproduct"}}, {"model": "auth.permission", "pk": 63, "fields": {"name": "Can delete wish list product", "content_type": 16, "codename": "delete_wishlistproduct"}}, {"model": "auth.permission", "pk": 64, "fields": {"name": "Can view wish list product", "content_type": 16, "codename": "view_wishlistproduct"}}, {"model": "auth.permission", "pk": 65, "fields": {"name": "Can add product review", "content_type": 17, "codename": "add_productreview"}}, {"model": "auth.permission", "pk": 66, "fields": {"name": "Can change product review", "content_type": 17, "codename": "change_productreview"}}, {"model": "auth.permission", "pk": 67, "fields": {"name": "Can delete product review", "content_type": 17, "codename": "delete_productreview"}}, {"model": "auth.permission", "pk": 68, "fields": {"name": "Can view product review", "content_type": 17, "codename": "view_productreview"}}, {"model": "auth.permission", "pk": 69, "fields": {"name": "Can add cart", "content_type": 18, "codename": "add_cart"}}, {"model": "auth.permission", "pk": 70, "fields": {"name": "Can change cart", "content_type": 18, "codename": "change_cart"}}, {"model": "auth.permission", "pk": 71, "fields": {"name": "Can delete cart", "content_type": 18, "codename": "delete_cart"}}, {"model": "auth.permission", "pk": 72, "fields": {"name": "Can view cart", "content_type": 18, "codename": "view_cart"}}, {"model": "auth.permission", "pk": 73, "fields": {"name": "Can add cart product", "content_type": 19, "codename": "add_cartproduct"}}, {"model": "auth.permission", "pk": 74, "fields": {"name": "Can change cart product", "content_type": 19, "codename": "change_cartproduct"}}, {"model": "auth.permission", "pk": 75, "fields": {"name": "Can delete cart product", "content_type": 19, "codename": "delete_cartproduct"}}, {"model": "auth.permission", "pk": 76, "fields": {"name": "Can view cart product", "content_type": 19, "codename": "view_cartproduct"}}, {"model": "auth.permission", "pk": 77, "fields": {"name": "Can add order", "content_type": 20, "codename": "add_order"}}, {"model": "auth.permission", "pk": 78, "fields": {"name": "Can change order", "content_type": 20, "codename": "change_order"}}, {"model": "auth.permission", "pk": 79, "fields": {"name": "Can delete order", "content_type": 20, "codename": "delete_order"}}, {"model": "auth.permission", "pk": 80, "fields": {"name": "Can view order", "content_type": 20, "codename": "view_order"}}, {"model": "auth.permission", "pk": 81, "fields": {"name": "Can add payment", "content_type": 21, "codename": "add_payment"}}, {"model": "auth.permission", "pk": 82, "fields": {"name": "Can change payment", "content_type": 21, "codename": "change_payment"}}, {"model": "auth.permission", "pk": 83, "fields": {"name": "Can delete payment", "content_type": 21, "codename": "delete_payment"}}, {"model": "auth.permission", "pk": 84, "fields": {"name": "Can view payment", "content_type": 21, "codename": "view_payment"}}, {"model": "auth.permission", "pk": 85, "fields": {"name": "Can add product ordered", "content_type": 22, "codename": "add_productordered"}}, {"model": "auth.permission", "pk": 86, "fields": {"name": "Can change product ordered", "content_type": 22, "codename": "change_productordered"}}, {"model": "auth.permission", "pk": 87, "fields": {"name": "Can delete product ordered", "content_type": 22, "codename": "delete_productordered"}}, {"model": "auth.permission", "pk": 88, "fields": {"name": "Can view product ordered", "content_type": 22, "codename": "view_productordered"}}, {"model": "auth.permission", "pk": 89, "fields": {"name": "Can add login attempt", "content_type": 23, "codename": "add_loginattempt"}}, {"model": "auth.permission", "pk": 90, "fields": {"name": "Can change login attempt", "content_type": 23, "codename": "change_loginattempt"}}, {"model": "auth.permission", "pk": 91, "fields": {"name": "Can delete login attempt", "content_type": 23, "codename": "delete_loginattempt"}}, {"model": "auth.permission", "pk": 92, "fields": {"name": "Can view login attempt", "content_type": 23, "codename": "view_loginattempt"}}, {"model": "contenttypes.contenttype", "pk": 1, "fields": {"app_label": "admin", "model": "logentry"}}, {"model": "contenttypes.contenttype", "pk": 2, "fields": {"app_label": "auth", "model": "permission"}}, {"model": "contenttypes.contenttype", "pk": 3, "fields": {"app_label": "auth", "model": "group"}}, {"model": "contenttypes.contenttype", "pk": 4, "fields": {"app_label": "contenttypes", "model": "contenttype"}}, {"model": "contenttypes.contenttype", "pk": 5, "fields": {"app_label": "sessions", "model": "session"}}, {"model": "contenttypes.contenttype", "pk": 6, "fields": {"app_label": "category", "model": "league"}}, {"model": "contenttypes.contenttype", "pk": 7, "fields": {"app_label": "category", "model": "club"}}, {"model": "contenttypes.contenttype", "pk": 8, "fields": {"app_label": "account", "model": "account"}}, {"model": "contenttypes.contenttype", "pk": 9, "fields": {"app_label": "account", "model": "userprofile"}}, {"model": "contenttypes.contenttype", "pk": 10, "fields": {"app_label": "store", "model": "product"}}, {"model": "contenttypes.contenttype", "pk": 11, "fields": {"app_label": "store", "model": "retrocategory"}}, {"model": "contenttypes.contenttype", "pk": 12, "fields": {"app_label": "store", "model": "variation"}}, {"model": "contenttypes.contenttype", "pk": 13, "fields": {"app_label": "store", "model": "retroproduct"}}, {"model": "contenttypes.contenttype", "pk": 14, "fields": {"app_label": "store", "model": "productimage"}}, {"model": "contenttypes.contenttype", "pk": 15, "fields": {"app_label": "store", "model": "userwishlist"}}, {"model": "contenttypes.contenttype", "pk": 16, "fields": {"app_label": "store", "model": "wishlistproduct"}}, {"model": "contenttypes.contenttype", "pk": 17, "fields": {"app_label": "store", "model": "productreview"}}, {"model": "contenttypes.contenttype", "pk": 18, "fields": {"app_label": "carts", "model": "cart"}}, {"model": "contenttypes.contenttype", "pk": 19, "fields": {"app_label": "carts", "model": "cartproduct"}}, {"model": "contenttypes.contenttype", "pk": 20, "fields": {"app_label": "orders", "model": "order"}}, {"model": "contenttypes.contenttype", "pk": 21, "fields": {"app_label": "orders", "model": "payment"}}, {"model": "contenttypes.contenttype", "pk": 22, "fields": {"app_label": "orders", "model": "productordered"}}, {"model": "contenttypes.contenttype", "pk": 23, "fields": {"app_label": "admin_honeypot", "model": "loginattempt"}}, {"model": "sessions.session", "pk": "4phjxm4jf69x1lklc4k62miz3roya2w8", "fields": {"session_data": "eyJfc2Vzc2lvbl9pbml0X3RpbWVzdGFtcF8iOjE2OTE5ODQ2OTAuMjcyOTU0N30:1qVOVe:djFfZyzqKOTKBa4UjsJFAtIjEES2TNfXuP1VquyEaP4", "expire_date": "2023-08-28T03:44:50.539Z"}}, {"model": "sessions.session", "pk": "a86s8l0509cjoyhe6in6ie1uqtmpj2cp", "fields": {"session_data": "eyJfc2Vzc2lvbl9pbml0X3RpbWVzdGFtcF8iOjE2OTE5ODQ2OTAuMDIyMTIzOH0:1qVOVe:b5NYsjlOUHBQl5N5ngBzqrAlAcAl-qF38pA7hJthINY", "expire_date": "2023-08-28T03:44:50.272Z"}}, {"model": "sessions.session", "pk": "egmotsas9eoi1iq0dvi7k6f09lwvrz07", "fields": {"session_data": "eyJfc2Vzc2lvbl9pbml0X3RpbWVzdGFtcF8iOjE2OTE5ODQ2OTIuMzM3MzU4NX0:1qVOVg:reQNHL9g9hRL0ltTW1XMBPPb63gKJ_dVrcUSRxyI8oI", "expire_date": "2023-08-28T03:44:52.619Z"}}, {"model": "sessions.session", "pk": "emkyzd24leb024wmofyxdef8k071agnk", "fields": {"session_data": "eyJfc2Vzc2lvbl9pbml0X3RpbWVzdGFtcF8iOjE2OTE5ODQ2OTEuODU1NDE4NH0:1qVOVg:zHR5i7fo5OpOU2R9x0YQPv8YD-eUrEn64pD4HbvN9tw", "expire_date": "2023-08-28T03:44:52.113Z"}}, {"model": "sessions.session", "pk": "fen94k06exua4wtyrc3g28eap1f09zsb", "fields": {"session_data": "eyJfc2Vzc2lvbl9pbml0X3RpbWVzdGFtcF8iOjE2OTE5ODQ2OTIuOTM4NDk0fQ:1qVOVh:uaUfHjGisRM7GaASmjqZNZXfeNekKAOWolN6GL1aXPs", "expire_date": "2023-08-28T03:44:53.212Z"}}, {"model": "sessions.session", "pk": "jnnmagp5mae38k0mfcbx83a6bv9x6j1a", "fields": {"session_data": "eyJfc2Vzc2lvbl9pbml0X3RpbWVzdGFtcF8iOjE2OTIxODg4MTguNTM1NDk5fQ:1qWFc2:24sNS_ta4yZ7f6K13vY68iZFwFhD-QmaHt7XyMujQrI", "expire_date": "2023-08-30T12:26:58.700Z"}}, {"model": "sessions.session", "pk": "jp6r0935cgjbe7jvp8wiy8ljl9c0moc6", "fields": {"session_data": "eyJfc2Vzc2lvbl9pbml0X3RpbWVzdGFtcF8iOjE2OTE5ODQ2ODkuMzQwMDEyfQ:1qVOVd:d1UudG6wU-r4EILb7SPKrcvCOoSmA4itxa0egbUprxw", "expire_date": "2023-08-28T03:44:49.614Z"}}, {"model": "sessions.session", "pk": "ud4ks34pwmcll9geaathreprphq3zk7n", "fields": {"session_data": "eyJfc2Vzc2lvbl9pbml0X3RpbWVzdGFtcF8iOjE2OTE5ODQ2ODkuNDkzODU1Mn0:1qVOVd:tqjcLc7JCFAbMLVD0YiTbUPJDhHrf5fp5iyuWQYG_aQ", "expire_date": "2023-08-28T03:44:49.772Z"}}, {"model": "sessions.session", "pk": "w01w0i51cokelf7hhvypmdft68ujb6qj", "fields": {"session_data": "eyJfc2Vzc2lvbl9pbml0X3RpbWVzdGFtcF8iOjE2OTE5ODQ2OTIuNjIwNTczM30:1qVOVg:-t5lLohLfxm9WAz43hTxt9kwsjBAgM3E3XP7sYguBe8", "expire_date": "2023-08-28T03:44:52.897Z"}}, {"model": "sessions.session", "pk": "xiroe767yq2qe4uqqxf1lkrmxh5l48dp", "fields": {"session_data": ".eJxVjMsOwiAUBf-FtSG84Xbp3m8gPC1qwRS6Mv67Numm2zMz54NsT72XVm2pZdhRltSHW94WTVQBBSACCAZGJSX6gqzbxmy3nlZbIpoQRafNu_BMdQfx4eq94dDqWIvHu4IP2vGtxfS6Hu7pYHZ9_tcqc6GFU4SDCNkkoZyXEGLUXBqhWA5cCQYMsqTBBOMoNYpk4z3nzHuNvj_vxEWu:1qVQ1C:Y3SyUGEnL7Z8EasjO6Sd4fqyfp0fkT-SAEk40bJTIuk", "expire_date": "2023-08-28T05:21:30.938Z"}}, {"model": "sessions.session", "pk": "xsnn3ebnir4grotr31ara6761wcv6096", "fields": {"session_data": "eyJfc2Vzc2lvbl9pbml0X3RpbWVzdGFtcF8iOjE2OTE5ODQ2ODkuNzM4ODk1NH0:1qVOVe:fxnDDO3n3QKVEwuFkjeUZtSHlDMNMmys0-b0xj4ajqM", "expire_date": "2023-08-28T03:44:50.016Z"}}, {"model": "category.league", "pk": 1, "fields": {"name": "New Arrivals", "slug": "new-arrivals", "img": "images/league/new_C3Zx29v.png"}}, {"model": "category.league", "pk": 2, "fields": {"name": "FIFA WC22", "slug": "fifa-wc22", "img": "images/league/fifa_54UVx4K.jpg"}}, {"model": "category.league", "pk": 3, "fields": {"name": "Premier League", "slug": "premier-league", "img": "images/league/epl-logo2_LCvnUEy.jpg"}}, {"model": "category.league", "pk": 4, "fields": {"name": "LA LIGA", "slug": "la-liga", "img": "images/league/laliga_EQ72izq.jpg"}}, {"model": "category.league", "pk": 5, "fields": {"name": "Serie A", "slug": "serie-a", "img": "images/league/italian_wMX6Jae.jpg"}}, {"model": "category.league", "pk": 6, "fields": {"name": "Other Top Clubs", "slug": "other-top-clubs", "img": "images/league/top_xAPqVq8.webp"}}, {"model": "category.club", "pk": 1, "fields": {"name": "Inter Miami CF", "slug": "inter-miami-cf", "img": "images/club/inter_miami_UEpv4LT.png", "league": 1}}, {"model": "category.club", "pk": 2, "fields": {"name": "Al Nassr", "slug": "al-nassr", "img": "images/club/al_nassr_9AB0ke3.jpg", "league": 1}}, {"model": "category.club", "pk": 3, "fields": {"name": "Boca Juniors", "slug": "boca-juniors", "img": "images/club/boca_logo_J5UnAv3.jpg", "league": 1}}, {"model": "category.club", "pk": 4, "fields": {"name": "Manchester United", "slug": "manchester-united", "img": "images/club/man_utd_logo_mkrc8Hs.jpg", "league": 3}}, {"model": "category.club", "pk": 5, "fields": {"name": "Liverpool CF", "slug": "liverpool", "img": "images/club/liver_logo_iy1MZhR.jpg", "league": 3}}, {"model": "category.club", "pk": 6, "fields": {"name": "Arsenal FC", "slug": "arsenal-fc", "img": "images/club/arsenal_logo_wiIxtZd.jpg", "league": 3}}, {"model": "category.club", "pk": 7, "fields": {"name": "Chelsea FC", "slug": "chelsea-fc", "img": "images/club/chelsea_logo_hwtFgHt.jpg", "league": 3}}, {"model": "category.club", "pk": 8, "fields": {"name": "Manchester City", "slug": "manchester-city", "img": "images/club/man_city_logo_DCD1RJc.jpg", "league": 3}}, {"model": "category.club", "pk": 9, "fields": {"name": "Tottenham Hotspur", "slug": "tottenham-hotspur", "img": "images/club/tottenham_UtbKE0p.jpg", "league": 3}}, {"model": "category.club", "pk": 10, "fields": {"name": "FC Barcelona", "slug": "fc-barcelona", "img": "images/club/barca_logo_Ia0t7EX.jpg", "league": 4}}, {"model": "category.club", "pk": 11, "fields": {"name": "Real Madrid C.F", "slug": "real-madrid-cf", "img": "images/club/real_KMHq3WC.jpg", "league": 4}}, {"model": "category.club", "pk": 12, "fields": {"name": "Athletico Madrid", "slug": "athletico-madrid", "img": "images/club/atm_logo_YgOc4hB.jpg", "league": 4}}, {"model": "category.club", "pk": 13, "fields": {"name": "Sevilla FC", "slug": "sevilla-fc", "img": "images/club/sevilla_Wl8Iusb.jpg", "league": 4}}, {"model": "category.club", "pk": 14, "fields": {"name": "AC Milan FC", "slug": "ac-milan-fc", "img": "images/club/ac_milan_Jfq16VB.jpg", "league": 5}}, {"model": "category.club", "pk": 15, "fields": {"name": "Juventus FC", "slug": "juventus-fc", "img": "images/club/juv.png", "league": 5}}, {"model": "category.club", "pk": 16, "fields": {"name": "FC Inter Milan", "slug": "fc-inter-milan", "img": "images/club/inter_QQVZpX2.jpg", "league": 5}}, {"model": "category.club", "pk": 17, "fields": {"name": "Napoli FC", "slug": "napoli-fc", "img": "images/club/napoli_wue7awK.jpg", "league": 5}}, {"model": "category.club", "pk": 18, "fields": {"name": "FC Bayern Munchen", "slug": "fc-bayern-munchen", "img": "images/club/bayern_32bv2dq.jpg", "league": 6}}, {"model": "category.club", "pk": 19, "fields": {"name": "Paris Saint Germain", "slug": "paris-saint-germain", "img": "images/club/psg_logo_spyHeoO.jpg", "league": 6}}, {"model": "category.club", "pk": 20, "fields": {"name": "Borussia Dortmund CF", "slug": "borussia-dortmund-cf", "img": "images/club/dort_logo_dImrmq7.jpg", "league": 6}}, {"model": "category.club", "pk": 21, "fields": {"name": "Ajax FC", "slug": "ajax-fc", "img": "images/club/ajax_ZwigEht.png", "league": 6}}, {"model": "category.club", "pk": 22, "fields": {"name": "ARGENTINA", "slug": "argentina", "img": "images/club/arg.png", "league": 2}}, {"model": "category.club", "pk": 23, "fields": {"name": "BRAZIL", "slug": "brazil", "img": "images/club/bra_flag.png", "league": 2}}, {"model": "category.club", "pk": 24, "fields": {"name": "FRANCE", "slug": "france", "img": "images/club/fra_flag.png", "league": 2}}, {"model": "category.club", "pk": 25, "fields": {"name": "ENGLAND", "slug": "england", "img": "images/club/eng_flag.png", "league": 2}}, {"model": "category.club", "pk": 26, "fields": {"name": "PORTUGAL", "slug": "portugal", "img": "images/club/por_flag.jpg", "league": 2}}, {"model": "category.club", "pk": 27, "fields": {"name": "GERMANY", "slug": "germany", "img": "images/club/ger.jpg", "league": 2}}, {"model": "category.club", "pk": 28, "fields": {"name": "NEDERLANDS", "slug": "nederlands", "img": "images/club/hol.jpg", "league": 2}}, {"model": "category.club", "pk": 29, "fields": {"name": "URUGUAY", "slug": "uruguay", "img": "images/club/uru.jpg", "league": 2}}, {"model": "category.club", "pk": 30, "fields": {"name": "SPAIN", "slug": "spain", "img": "images/club/spain.png", "league": 2}}, {"model": "category.club", "pk": 31, "fields": {"name": "CROATIA", "slug": "croatia", "img": "images/club/cro.jpg", "league": 2}}, {"model": "category.club", "pk": 32, "fields": {"name": "ITALY", "slug": "italy", "img": "images/club/italy_flag_OcJQwVA.jpg", "league": 2}}, {"model": "account.account", "pk": 1, "fields": {"password": "pbkdf2_sha256$600000$nNP2TDL7lrWddg0Q0aacZJ$nODCgBxhknKawVHuZsN1AaIWjrLLZqz8eaTxAGjYu4Y=", "first_name": "django", "last_name": "admin", "username": "Admin", "email": "jazeelmarhaba007@gmail.com", "phone": "", "date_joined": "2023-08-13T16:32:57.849Z", "last_login": "2023-08-14T05:24:21.147Z", "is_admin": true, "is_staff": true, "is_active": true, "is_superadmin": true}}, {"model": "account.userprofile", "pk": 1, "fields": {"user": 1, "address_1": "", "city": "", "state": "", "country": "", "profile_img": ""}}, {"model": "store.product", "pk": 1, "fields": {"product_name": "Barcelona Home", "slug": "barcelona-home", "description": "Lorem ipsum dolor sit amet, consectetur adipiscing elit, sed do eiusmod tempor incididunt ut labore et dolore magna aliqua. Ut enim ad minim veniam, quis nostrud exercitation ullamco laboris nisi ut aliquip ex ea commodo consequat. Duis aute irure do", "actual_price": 72, "discount_price": 70, "stock": 7, "product_img": "images/home/barca_2023_X0M4OsX.webp", "product_img2": "", "is_available": true, "club": 10, "created_date": "2023-08-13T17:42:20.776Z", "modified_date": "2023-08-13T17:42:20.776Z", "type": ""}}, {"model": "store.product", "pk": 2, "fields": {"product_name": "Manchester United Home", "slug": "manchester-united-home", "description": "Lorem ipsum dolor sit amet, consectetur adipiscing elit, sed do eiusmod tempor incididunt ut labore et dolore magna aliqua. Ut enim ad minim veniam, quis nostrud exercitation ullamco laboris nisi ut aliquip ex ea commodo consequat. Duis aute irure do", "actual_price": 73, "discount_price": 70, "stock": 7, "product_img": "images/home/man-utd-1_lzDvSSN.webp", "product_img2": "", "is_available": true, "club": 4, "created_date": "2023-08-13T17:43:38.299Z", "modified_date": "2023-08-13T17:43:38.299Z", "type": ""}}, {"model": "store.product", "pk": 3, "fields": {"product_name": "Arsenal Away", "slug": "arsenal-away", "description": "Lorem ipsum dolor sit amet, consectetur adipiscing elit, sed do eiusmod tempor incididunt ut labore et dolore magna aliqua. Ut enim ad minim veniam, quis nostrud exercitation ullamco laboris nisi ut aliquip ex ea commodo consequat. Duis aute irure do", "actual_price": 72, "discount_price": 72, "stock": 3, "product_img": "images/home/arsenal2_Qtqohve.webp", "product_img2": "", "is_available": true, "club": 6, "created_date": "2023-08-13T17:45:47.526Z", "modified_date": "2023-08-13T17:45:47.526Z", "type": ""}}, {"model": "store.product", "pk": 4, "fields": {"product_name": "Brazil Home", "slug": "brazil-home", "description": "Lorem ipsum dolor sit amet, consectetur adipiscing elit, sed do eiusmod tempor incididunt ut labore et dolore magna aliqua. Ut enim ad minim veniam, quis nostrud exercitation ullamco laboris nisi ut aliquip ex ea commodo consequat. Duis aute irure do", "actual_price": 68, "discount_price": 65, "stock": 4, "product_img": "images/home/brazil1_CpMPckn.jpg", "product_img2": "", "is_available": true, "club": 23, "created_date": "2023-08-13T17:47:35.145Z", "modified_date": "2023-08-13T17:47:35.145Z", "type": ""}}, {"model": "store.product", "pk": 5, "fields": {"product_name": "Manchester City Home", "slug": "manchester-city-home", "description": "Lorem ipsum dolor sit amet, consectetur adipiscing elit, sed do eiusmod tempor incididunt ut labore et dolore magna aliqua. Ut enim ad minim veniam, quis nostrud exercitation ullamco laboris nisi ut aliquip ex ea commodo consequat. Duis aute irure do", "actual_price": 70, "discount_price": 65, "stock": 5, "product_img": "images/home/man_city_home_QSJU7ew.jpg", "product_img2": "", "is_available": true, "club": 8, "created_date": "2023-08-14T04:05:06.095Z", "modified_date": "2023-08-14T04:05:06.095Z", "type": ""}}, {"model": "store.product", "pk": 6, "fields": {"product_name": "PSG Home", "slug": "psg-home", "description": "Lorem ipsum dolor sit amet, consectetur adipiscing elit, sed do eiusmod tempor incididunt ut labore et dolore magna aliqua. Ut enim ad minim veniam, quis nostrud exercitation ullamco laboris nisi ut aliquip ex ea commodo consequat. Duis aute irure do", "actual_price": 72, "discount_price": 67, "stock": 5, "product_img": "images/home/psg-1_HucAWx0.webp", "product_img2": "", "is_available": true, "club": 19, "created_date": "2023-08-14T04:06:24.694Z", "modified_date": "2023-08-14T04:06:24.694Z", "type": ""}}, {"model": "store.product", "pk": 7, "fields": {"product_name": "Real Madrid Away", "slug": "real-madrid-away", "description": "Lorem ipsum dolor sit amet, consectetur adipiscing elit, sed do eiusmod tempor incididunt ut labore et dolore magna aliqua. Ut enim ad minim veniam, quis nostrud exercitation ullamco laboris nisi ut aliquip ex ea commodo consequat. Duis aute irure do", "actual_price": 69, "discount_price": 68, "stock": 3, "product_img": "images/home/real_away_W5G0h0s.jpg", "product_img2": "", "is_available": true, "club": 11, "created_date": "2023-08-14T04:07:19.933Z", "modified_date": "2023-08-14T04:07:19.933Z", "type": ""}}, {"model": "store.product", "pk": 8, "fields": {"product_name": "Chelsea Away", "slug": "chelsea-away", "description": "Lorem ipsum dolor sit amet, consectetur adipiscing elit, sed do eiusmod tempor incididunt ut labore et dolore magna aliqua. Ut enim ad minim veniam, quis nostrud exercitation ullamco laboris nisi ut aliquip ex ea commodo consequat. Duis aute irure do", "actual_price": 73, "discount_price": 68, "stock": 4, "product_img": "images/home/chelsea2.jpg", "product_img2": "", "is_available": true, "club": 7, "created_date": "2023-08-14T04:15:16.856Z", "modified_date": "2023-08-14T04:15:16.856Z", "type": ""}}, {"model": "store.product", "pk": 9, "fields": {"product_name": "Argentina Home", "slug": "argentina-home", "description": "Lorem ipsum dolor sit amet, consectetur adipiscing elit, sed do eiusmod tempor incididunt ut labore et dolore magna aliqua. Ut enim ad minim veniam, quis nostrud exercitation ullamco laboris nisi ut aliquip ex ea commodo consequat. Duis aute irure do", "actual_price": 74, "discount_price": 72, "stock": 10, "product_img": "images/home/argentina_6erlMB9.jpg", "product_img2": "", "is_available": true, "club": 22, "created_date": "2023-08-14T04:16:22.097Z", "modified_date": "2023-08-14T04:16:22.097Z", "type": ""}}, {"model": "store.product", "pk": 10, "fields": {"product_name": "AC Milan Home", "slug": "ac-milan-home", "description": "Lorem ipsum dolor sit amet, consectetur adipiscing elit, sed do eiusmod tempor incididunt ut labore et dolore magna aliqua. Ut enim ad minim veniam, quis nostrud exercitation ullamco laboris nisi ut aliquip ex ea commodo consequat. Duis aute irure do", "actual_price": 72, "discount_price": 67, "stock": 2, "product_img": "images/home/ac_milan_home_0paErAc.webp", "product_img2": "", "is_available": true, "club": 14, "created_date": "2023-08-14T04:17:23.213Z", "modified_date": "2023-08-14T04:17:23.213Z", "type": ""}}, {"model": "store.product", "pk": 11, "fields": {"product_name": "Juventus Home", "slug": "juventus-home", "description": "Lorem ipsum dolor sit amet, consectetur adipiscing elit, sed do eiusmod tempor incididunt ut labore et dolore magna aliqua. Ut enim ad minim veniam, quis nostrud exercitation ullamco laboris nisi ut aliquip ex ea commodo consequat. Duis aute irum", "actual_price": 69, "discount_price": 66, "stock": 2, "product_img": "images/home/juve_08DK2Jd.jpg", "product_img2": "", "is_available": true, "club": 15, "created_date": "2023-08-14T05:08:57.327Z", "modified_date": "2023-08-14T05:08:57.327Z", "type": ""}}, {"model": "store.product", "pk": 12, "fields": {"product_name": "Borrussia Dortmund Away", "slug": "borrussia-dortmund-away", "description": "Lorem ipsum dolor sit amet, consectetur adipiscing elit, sed do eiusmod tempor incididunt ut labore et dolore magna aliqua. Ut enim ad minim veniam, quis nostrud exercitation ullamco laboris nisi ut aliquip ex ea commodo consequat. Duis aute irum", "actual_price": 71, "discount_price": 67, "stock": 2, "product_img": "images/home/dort3_H3ATgW9.jpg", "product_img2": "", "is_available": true, "club": 20, "created_date": "2023-08-14T05:10:31.025Z", "modified_date": "2023-08-14T05:10:31.025Z", "type": ""}}, {"model": "store.product", "pk": 13, "fields": {"product_name": "Portugal Home", "slug": "portugal-home", "description": "Lorem ipsum dolor sit amet, consectetur adipiscing elit, sed do eiusmod tempor incididunt ut labore et dolore magna aliqua. Ut enim ad minim veniam, quis nostrud exercitation ullamco laboris nisi ut aliquip ex ea commodo consequat. Duis aute irum", "actual_price": 74, "discount_price": 70, "stock": 7, "product_img": "images/home/port.jpg", "product_img2": "", "is_available": true, "club": 26, "created_date": "2023-08-14T05:13:17.067Z", "modified_date": "2023-08-14T05:13:17.067Z", "type": ""}}, {"model": "store.product", "pk": 14, "fields": {"product_name": "France Home", "slug": "france-home", "description": "Lorem ipsum dolor sit amet, consectetur adipiscing elit, sed do eiusmod tempor incididunt ut labore et dolore magna aliqua. Ut enim ad minim veniam, quis nostrud exercitation ullamco laboris nisi ut aliquip ex ea commodo consequat. Duis aute irure do", "actual_price": 73, "discount_price": 70, "stock": 3, "product_img": "images/home/france_wcGrBGp.webp", "product_img2": "", "is_available": true, "club": 24, "created_date": "2023-08-14T05:20:17.652Z", "modified_date": "2023-08-14T05:20:17.652Z", "type": ""}}, {"model": "store.product", "pk": 15, "fields": {"product_name": "England Away", "slug": "england-away", "description": "Lorem ipsum dolor sit amet, consectetur adipiscing elit, sed do eiusmod tempor incididunt ut labore et dolore magna aliqua. Ut enim ad minim veniam, quis nostrud exercitation ullamco laboris nisi ut aliquip ex ea commodo consequat. Duis aute irure do", "actual_price": 72, "discount_price": 66, "stock": 5, "product_img": "images/home/eng_away2_4aydfVT.jpg", "product_img2": "", "is_available": true, "club": 25, "created_date": "2023-08-14T05:26:03.249Z", "modified_date": "2023-08-14T05:26:03.249Z", "type": ""}}, {"model": "store.product", "pk": 16, "fields": {"product_name": "Inter Milan Home", "slug": "inter-milan-home", "description": "Lorem ipsum dolor sit amet, consectetur adipiscing elit, sed do eiusmod tempor incididunt ut labore et dolore magna aliqua. Ut enim ad minim veniam, quis nostrud exercitation ullamco laboris nisi ut aliquip ex ea commodo consequat. Duis aute irure do", "actual_price": 67, "discount_price": 63, "stock": 3, "product_img": "images/home/inter_thm2J94.webp", "product_img2": "", "is_available": true, "club": 16, "created_date": "2023-08-14T05:27:11.090Z", "modified_date": "2023-08-14T05:27:11.090Z", "type": ""}}, {"model": "store.product", "pk": 17, "fields": {"product_name": "Germany Away", "slug": "germany-away", "description": "Lorem ipsum dolor sit amet, consectetur adipiscing elit, sed do eiusmod tempor incididunt ut labore et dolore magna aliqua. Ut enim ad minim veniam, quis nostrud exercitation ullamco laboris nisi ut aliquip ex ea commodo consequat. Duis aute irure do", "actual_price": 68, "discount_price": 64, "stock": 2, "product_img": "images/home/ger_away_sdhVG17.jpg", "product_img2": "", "is_available": true, "club": 27, "created_date": "2023-08-14T05:28:23.400Z", "modified_date": "2023-08-14T05:28:23.400Z", "type": ""}}, {"model": "store.product", "pk": 18, "fields": {"product_name": "Spain Away", "slug": "spain-away", "description": "Lorem ipsum dolor sit amet, consectetur adipiscing elit, sed do eiusmod tempor incididunt ut labore et dolore magna aliqua. Ut enim ad minim veniam, quis nostrud exercitation ullamco laboris nisi ut aliquip ex ea commodo consequat. Duis aute irure do", "actual_price": 69, "discount_price": 63, "stock": 3, "product_img": "images/home/spain_1_XWlkT9r.jpg", "product_img2": "", "is_available": true, "club": 30, "created_date": "2023-08-14T05:29:31.568Z", "modified_date": "2023-08-14T05:29:31.568Z", "type": ""}}, {"model": "store.product", "pk": 19, "fields": {"product_name": "Tottenham Away", "slug": "tottenham-away", "description": "Lorem ipsum dolor sit amet, consectetur adipiscing elit, sed do eiusmod tempor incididunt ut labore et dolore magna aliqua. Ut enim ad minim veniam, quis nostrud exercitation ullamco laboris nisi ut aliquip ex ea commodo consequat. Duis aute irure do", "actual_price": 70, "discount_price": 66, "stock": 1, "product_img": "images/home/tott_DckZ3qg.jpg", "product_img2": "", "is_available": true, "club": 9, "created_date": "2023-08-14T05:30:26.928Z", "modified_date": "2023-08-14T05:30:26.928Z", "type": ""}}, {"model": "store.product", "pk": 20, "fields": {"product_name": "Ajax Home", "slug": "ajax-home", "description": "Lorem ipsum dolor sit amet, consectetur adipiscing elit, sed do eiusmod tempor incididunt ut labore et dolore magna aliqua. Ut enim ad minim veniam, quis nostrud exercitation ullamco laboris nisi ut aliquip ex ea commodo consequat. Duis aute irure do", "actual_price": 66, "discount_price": 60, "stock": 1, "product_img": "images/home/ajax.jpg", "product_img2": "", "is_available": true, "club": 21, "created_date": "2023-08-14T05:32:41.648Z", "modified_date": "2023-08-14T05:32:41.648Z", "type": ""}}, {"model": "store.product", "pk": 21, "fields": {"product_name": "Bayern Home", "slug": "bayern-home", "description": "Lorem ipsum dolor sit amet, consectetur adipiscing elit, sed do eiusmod tempor incididunt ut labore et dolore magna aliqua. Ut enim ad minim veniam, quis nostrud exercitation ullamco laboris nisi ut aliquip ex ea commodo consequat. Duis aute irure do", "actual_price": 69, "discount_price": 65, "stock": 2, "product_img": "images/home/bayern_home_YagmAtS.webp", "product_img2": "", "is_available": true, "club": 18, "created_date": "2023-08-14T05:34:05.344Z", "modified_date": "2023-08-14T05:34:05.344Z", "type": ""}}, {"model": "store.product", "pk": 22, "fields": {"product_name": "Manchester United 1998", "slug": "manchester-1998", "description": "Lorem ipsum dolor sit amet, consectetur adipiscing elit, sed do eiusmod tempor incididunt ut labore et dolore magna aliqua. Ut enim ad minim veniam, quis nostrud exercitation ullamco laboris nisi ut aliquip ex ea commodo consequat. Duis aute irure do", "actual_price": 88, "discount_price": 87, "stock": 5, "product_img": "images/home/manchester_8ATXN33.webp", "product_img2": "", "is_available": true, "club": 4, "created_date": "2023-08-14T05:35:43.408Z", "modified_date": "2023-08-14T05:47:37.336Z", "type": "retro"}}, {"model": "store.product", "pk": 23, "fields": {"product_name": "Barcelona 1999", "slug": "barcelona-1999", "description": "Lorem ipsum dolor sit amet, consectetur adipiscing elit, sed do eiusmod tempor incididunt ut labore et dolore magna aliqua. Ut enim ad minim veniam, quis nostrud exercitation ullamco laboris nisi ut aliquip ex ea commodo consequat. Duis aute irure do", "actual_price": 83, "discount_price": 80, "stock": 5, "product_img": "images/home/barca_retro_LgRtS0m.jpg", "product_img2": "", "is_available": true, "club": 10, "created_date": "2023-08-14T05:36:42.606Z", "modified_date": "2023-08-14T05:36:42.607Z", "type": "retro"}}, {"model": "store.product", "pk": 24, "fields": {"product_name": "Arsenal 2005", "slug": "arsenal-2005", "description": "Lorem ipsum dolor sit amet, consectetur adipiscing elit, sed do eiusmod tempor incididunt ut labore et dolore magna aliqua. Ut enim ad minim veniam, quis nostrud exercitation ullamco laboris nisi ut aliquip ex ea commodo consequat. Duis aute irure do", "actual_price": 81, "discount_price": 79, "stock": 3, "product_img": "images/home/Arsenal_2005_6jvVNjS.webp", "product_img2": "", "is_available": true, "club": 6, "created_date": "2023-08-14T05:38:05.169Z", "modified_date": "2023-08-14T05:39:45.964Z", "type": "retro"}}, {"model": "store.product", "pk": 25, "fields": {"product_name": "BRAZIL 2002", "slug": "brazil-2002", "description": "Lorem ipsum dolor sit amet, consectetur adipiscing elit, sed do eiusmod tempor incididunt ut labore et dolore magna aliqua. Ut enim ad minim veniam, quis nostrud exercitation ullamco laboris nisi ut aliquip ex ea commodo consequat. Duis aute irure do", "actual_price": 84, "discount_price": 82, "stock": 3, "product_img": "images/home/Brazil_2002_GlGM1Zr.jpg", "product_img2": "", "is_available": true, "club": 25, "created_date": "2023-08-14T05:39:13.527Z", "modified_date": "2023-08-14T05:39:13.527Z", "type": "retro"}}, {"model": "store.product", "pk": 26, "fields": {"product_name": "GERMANY 1994", "slug": "germany-1994", "description": "Lorem ipsum dolor sit amet, consectetur adipiscing elit, sed do eiusmod tempor incididunt ut labore et dolore magna aliqua. Ut enim ad minim veniam, quis nostrud exercitation ullamco laboris nisi ut aliquip ex ea commodo consequat. Duis aute irure do", "actual_price": 80, "discount_price": 77, "stock": 2, "product_img": "images/home/germany_1994_ix2WK1i.jpg", "product_img2": "", "is_available": true, "club": 27, "created_date": "2023-08-14T05:41:02.770Z", "modified_date": "2023-08-14T05:41:02.770Z", "type": "retro"}}, {"model": "store.product", "pk": 27, "fields": {"product_name": "Liverpool 2005", "slug": "liverpool-2005", "description": "Lorem ipsum dolor sit amet, consectetur adipiscing elit, sed do eiusmod tempor incididunt ut labore et dolore magna aliqua. Ut enim ad minim veniam, quis nostrud exercitation ullamco laboris nisi ut aliquip ex ea commodo consequat. Duis aute irure do", "actual_price": 77, "discount_price": 77, "stock": 4, "product_img": "images/home/liverpool_sgjeEQ7.jpg", "product_img2": "", "is_available": true, "club": 5, "created_date": "2023-08-14T05:42:38.133Z", "modified_date": "2023-08-14T05:42:38.133Z", "type": "retro"}}, {"model": "store.product", "pk": 28, "fields": {"product_name": "England 1998", "slug": "england-1998", "description": "Lorem ipsum dolor sit amet, consectetur adipiscing elit, sed do eiusmod tempor incididunt ut labore et dolore magna aliqua. Ut enim ad minim veniam, quis nostrud exercitation ullamco laboris nisi ut aliquip ex ea commodo consequat. Duis aute irure do", "actual_price": 84, "discount_price": 81, "stock": 3, "product_img": "images/home/england_BF0wxV9.webp", "product_img2": "", "is_available": true, "club": 25, "created_date": "2023-08-14T05:45:23.891Z", "modified_date": "2023-08-14T05:45:23.891Z", "type": "retro"}}, {"model": "store.product", "pk": 29, "fields": {"product_name": "AC Milan 2006", "slug": "ac-milan-2006", "description": "Lorem ipsum dolor sit amet, consectetur adipiscing elit, sed do eiusmod tempor incididunt ut labore et dolore magna aliqua. Ut enim ad minim veniam, quis nostrud exercitation ullamco laboris nisi ut aliquip ex ea commodo consequat. Duis aute irure do", "actual_price": 81, "discount_price": 77, "stock": 3, "product_img": "images/home/ac_milan_cmmIu9h.jpg", "product_img2": "", "is_available": true, "club": 14, "created_date": "2023-08-14T05:46:40.693Z", "modified_date": "2023-08-14T05:46:40.693Z", "type": "retro"}}, {"model": "store.product", "pk": 30, "fields": {"product_name": "SPAIN 2010", "slug": "spain-2010", "description": "Lorem ipsum dolor sit amet, consectetur adipiscing elit, sed do eiusmod tempor incididunt ut labore et dolore magna aliqua. Ut enim ad minim veniam, quis nostrud exercitation ullamco laboris nisi ut aliquip ex ea commodo consequat. Duis aute irure do", "actual_price": 77, "discount_price": 74, "stock": 2, "product_img": "images/home/spain_2010_MMcpJcS.jpeg", "product_img2": "", "is_available": true, "club": 30, "created_date": "2023-08-14T05:50:12.851Z", "modified_date": "2023-08-14T05:50:12.851Z", "type": "retro"}}, {"model": "store.product", "pk": 31, "fields": {"product_name": "Chelsea 2012", "slug": "chelsea-2012", "description": "Lorem ipsum dolor sit amet, consectetur adipiscing elit, sed do eiusmod tempor incididunt ut labore et dolore magna aliqua. Ut enim ad minim veniam, quis nostrud exercitation ullamco laboris nisi ut aliquip ex ea commodo consequat. Duis aute irure do", "actual_price": 76, "discount_price": 72, "stock": 4, "product_img": "images/home/chelsea_retro.jpg", "product_img2": "", "is_available": true, "club": 7, "created_date": "2023-08-14T05:52:06.760Z", "modified_date": "2023-08-14T05:52:06.760Z", "type": "retro"}}, {"model": "store.product", "pk": 32, "fields": {"product_name": "Argentina 1998 Away", "slug": "argentina-1998-away", "description": "Lorem ipsum dolor sit amet, consectetur adipiscing elit, sed do eiusmod tempor incididunt ut labore et dolore magna aliqua. Ut enim ad minim veniam, quis nostrud exercitation ullamco laboris nisi ut aliquip ex ea commodo consequat. Duis aute irure do", "actual_price": 81, "discount_price": 76, "stock": 2, "product_img": "images/home/arg98_away.jpg", "product_img2": "", "is_available": true, "club": 22, "created_date": "2023-08-14T05:56:36.551Z", "modified_date": "2023-08-14T05:56:36.551Z", "type": "retro"}}, {"model": "store.product", "pk": 33, "fields": {"product_name": "Juventus 2004", "slug": "juventus-2004", "description": "Lorem ipsum dolor sit amet, consectetur adipiscing elit, sed do eiusmod tempor incididunt ut labore et dolore magna aliqua. Ut enim ad minim veniam, quis nostrud exercitation ullamco laboris nisi ut aliquip ex ea commodo consequat. Duis aute irure do", "actual_price": 78, "discount_price": 75, "stock": 1, "product_img": "images/home/juventus_retro1_LURIfJH.jpg", "product_img2": "", "is_available": true, "club": 15, "created_date": "2023-08-14T05:58:17.995Z", "modified_date": "2023-08-14T05:58:17.995Z", "type": "retro"}}, {"model": "store.product", "pk": 34, "fields": {"product_name": "Barcelona 2011", "slug": "barcelona-2011", "description": "Lorem ipsum dolor sit amet, consectetur adipiscing elit, sed do eiusmod tempor incididunt ut labore et dolore magna aliqua. Ut enim ad minim veniam, quis nostrud exercitation ullamco laboris nisi ut aliquip ex ea commodo consequat. Duis aute irure do", "actual_price": 84, "discount_price": 82, "stock": 4, "product_img": "images/home/barca_2011_SFC2ftj.webp", "product_img2": "", "is_available": true, "club": 10, "created_date": "2023-08-14T05:59:20.003Z", "modified_date": "2023-08-14T05:59:20.003Z", "type": "retro"}}, {"model": "store.product", "pk": 35, "fields": {"product_name": "Manchester United 2008", "slug": "manchester-united-2008", "description": "Lorem ipsum dolor sit amet, consectetur adipiscing elit, sed do eiusmod tempor incididunt ut labore et dolore magna aliqua. Ut enim ad minim veniam, quis nostrud exercitation ullamco laboris nisi ut aliquip ex ea commodo consequat. Duis aute irure do", "actual_price": 79, "discount_price": 78, "stock": 6, "product_img": "images/home/manchester_2008_S6oQz0g.jpg", "product_img2": "", "is_available": true, "club": 4, "created_date": "2023-08-14T06:00:30.172Z", "modified_date": "2023-08-14T06:00:30.172Z", "type": "retro"}}, {"model": "store.product", "pk": 36, "fields": {"product_name": "Arsenal 2003", "slug": "arsenal-2003", "description": "Lorem ipsum dolor sit amet, consectetur adipiscing elit, sed do eiusmod tempor incididunt ut labore et dolore magna aliqua. Ut enim ad minim veniam, quis nostrud exercitation ullamco laboris nisi ut aliquip ex ea commodo consequat. Duis aute irure do", "actual_price": 81, "discount_price": 79, "stock": 3, "product_img": "images/home/arsenal_retro2.jpg", "product_img2": "", "is_available": true, "club": 6, "created_date": "2023-08-14T06:01:52.092Z", "modified_date": "2023-08-14T06:01:52.092Z", "type": "retro"}}, {"model": "store.product", "pk": 37, "fields": {"product_name": "Inter Milan 1995", "slug": "inter-milan-1995", "description": "Lorem ipsum dolor sit amet, consectetur adipiscing elit, sed do eiusmod tempor incididunt ut labore et dolore magna aliqua. Ut enim ad minim veniam, quis nostrud exercitation ullamco laboris nisi ut aliquip ex ea commodo consequat. Duis aute irure do", "actual_price": 79, "discount_price": 75, "stock": 2, "product_img": "images/home/Inter_1995_hvaPJcQ.webp", "product_img2": "", "is_available": true, "club": 16, "created_date": "2023-08-14T06:03:15.931Z", "modified_date": "2023-08-14T06:03:15.931Z", "type": "retro"}}, {"model": "store.product", "pk": 38, "fields": {"product_name": "FRANCE 2006 Away", "slug": "france-2006-away", "description": "Lorem ipsum dolor sit amet, consectetur adipiscing elit, sed do eiusmod tempor incididunt ut labore et dolore magna aliqua. Ut enim ad minim veniam, quis nostrud exercitation ullamco laboris nisi ut aliquip ex ea commodo consequat. Duis aute irure do", "actual_price": 81, "discount_price": 78, "stock": 3, "product_img": "images/home/France_206_pTKO7sG.webp", "product_img2": "", "is_available": true, "club": 24, "created_date": "2023-08-14T06:04:42.015Z", "modified_date": "2023-08-14T06:04:42.015Z", "type": "retro"}}, {"model": "store.product", "pk": 39, "fields": {"product_name": "Italy 2006", "slug": "italy-2006", "description": "Lorem ipsum dolor sit amet, consectetur adipiscing elit, sed do eiusmod tempor incididunt ut labore et dolore magna aliqua. Ut enim ad minim veniam, quis nostrud exercitation ullamco laboris nisi ut aliquip ex ea commodo consequat. Duis aute irure do", "actual_price": 78, "discount_price": 74, "stock": 2, "product_img": "images/home/itslay_2006.png", "product_img2": "", "is_available": true, "club": 32, "created_date": "2023-08-14T06:06:18.014Z", "modified_date": "2023-08-14T06:06:18.014Z", "type": "retro"}}, {"model": "store.product", "pk": 40, "fields": {"product_name": "Bayern Retro", "slug": "bayern-retro", "description": "Lorem ipsum dolor sit amet, consectetur adipiscing elit, sed do eiusmod tempor incididunt ut labore et dolore magna aliqua. Ut enim ad minim veniam, quis nostrud exercitation ullamco laboris nisi ut aliquip ex ea commodo consequat. Duis aute irure do", "actual_price": 76, "discount_price": 71, "stock": 2, "product_img": "images/home/bayern_retro_KgLVdR7.jpg", "product_img2": "", "is_available": true, "club": 18, "created_date": "2023-08-14T06:07:30.333Z", "modified_date": "2023-08-14T06:07:30.333Z", "type": "retro"}}, {"model": "store.product", "pk": 41, "fields": {"product_name": "Real Madrid 2011", "slug": "real-madrid-2011", "description": "Lorem ipsum dolor sit amet, consectetur adipiscing elit, sed do eiusmod tempor incididunt ut labore et dolore magna aliqua. Ut enim ad minim veniam, quis nostrud exercitation ullamco laboris nisi ut aliquip ex ea commodo consequat. Duis aute irure do", "actual_price": 78, "discount_price": 77, "stock": 2, "product_img": "images/home/real.jpg", "product_img2": "", "is_available": true, "club": 11, "created_date": "2023-08-14T06:11:43.136Z", "modified_date": "2023-08-14T06:11:43.136Z", "type": "retro"}}, {"model": "store.product", "pk": 42, "fields": {"product_name": "Diego Maradona 1986", "slug": "diego-maradona-1986", "description": "Lorem ipsum dolor sit amet, consectetur adipiscing elit, sed do eiusmod tempor incididunt ut labore et dolore magna aliqua. Ut enim ad minim veniam, quis nostrud exercitation ullamco laboris nisi ut aliquip ex ea commodo consequat. Duis aute irure do", "actual_price": 84, "discount_price": 81, "stock": 3, "product_img": "images/home/diego_f7tAg5u.jpg", "product_img2": "images/home/diego1_6tiF0uE.jpg", "is_available": true, "club": 22, "created_date": "2023-08-14T06:13:31.122Z", "modified_date": "2023-08-14T06:13:31.122Z", "type": "iconic"}}, {"model": "store.product", "pk": 43, "fields": {"product_name": "Ronaldo Nazario 1998", "slug": "ronaldo-nazario-1998", "description": "Lorem ipsum dolor sit amet, consectetur adipiscing elit, sed do eiusmod tempor incididunt ut labore et dolore magna aliqua. Ut enim ad minim veniam, quis nostrud exercitation ullamco laboris nisi ut aliquip ex ea commodo consequat. Duis aute irure do", "actual_price": 85, "discount_price": 81, "stock": 4, "product_img": "images/home/ronaldo_G3EmixZ.webp", "product_img2": "images/home/r9_UlXiINL.jpg", "is_available": true, "club": 23, "created_date": "2023-08-14T06:14:37.182Z", "modified_date": "2023-08-14T06:14:37.182Z", "type": "iconic"}}, {"model": "store.product", "pk": 44, "fields": {"product_name": "David Beckham 1999", "slug": "david-beckham-1999", "description": "Lorem ipsum dolor sit amet, consectetur adipiscing elit, sed do eiusmod tempor incididunt ut labore et dolore magna aliqua. Ut enim ad minim veniam, quis nostrud exercitation ullamco laboris nisi ut aliquip ex ea commodo consequat. Duis aute irure do", "actual_price": 87, "discount_price": 85, "stock": 7, "product_img": "images/home/beck1999_VNklVPc.webp", "product_img2": "images/home/becks_13plkUa.png", "is_available": true, "club": 4, "created_date": "2023-08-14T06:16:23.737Z", "modified_date": "2023-08-14T06:16:23.737Z", "type": "iconic"}}, {"model": "store.product", "pk": 45, "fields": {"product_name": "Zidane 1998", "slug": "zidane-1998", "description": "Lorem ipsum dolor sit amet, consectetur adipiscing elit, sed do eiusmod tempor incididunt ut labore et dolore magna aliqua. Ut enim ad minim veniam, quis nostrud exercitation ullamco laboris nisi ut aliquip ex ea commodo consequat. Duis aute irure do", "actual_price": 84, "discount_price": 80, "stock": 5, "product_img": "images/home/zidane1_vHYMpKm.jpg", "product_img2": "images/home/220942580_4222057231204927_1744940394041619466_n_noJemyu.jpg", "is_available": true, "club": 24, "created_date": "2023-08-14T06:17:41.821Z", "modified_date": "2023-08-14T06:17:41.821Z", "type": "iconic"}}, {"model": "store.product", "pk": 46, "fields": {"product_name": "Ronaldinho 2005", "slug": "ronaldinho-2005", "description": "Lorem ipsum dolor sit amet, consectetur adipiscing elit, sed do eiusmod tempor incididunt ut labore et dolore magna aliqua. Ut enim ad minim veniam, quis nostrud exercitation ullamco laboris nisi ut aliquip ex ea commodo consequat. Duis aute irure do", "actual_price": 79, "discount_price": 76, "stock": 6, "product_img": "images/home/dinho1_ueEzbU3.webp", "product_img2": "images/home/ronaldinho_8I3vEsI.jpg", "is_available": true, "club": 10, "created_date": "2023-08-14T06:19:19.424Z", "modified_date": "2023-08-14T06:19:19.424Z", "type": "iconic"}}, {"model": "store.product", "pk": 47, "fields": {"product_name": "Paolo Maldini 2006", "slug": "paolo-maldini-2006", "description": "Lorem ipsum dolor sit amet, consectetur adipiscing elit, sed do eiusmod tempor incididunt ut labore et dolore magna aliqua. Ut enim ad minim veniam, quis nostrud exercitation ullamco laboris nisi ut aliquip ex ea commodo consequat. Duis aute irure do", "actual_price": 80, "discount_price": 76, "stock": 3, "product_img": "images/home/maldini2_sjWkuso.jpg", "product_img2": "images/home/maldini1_eX6hG9o.webp", "is_available": true, "club": 14, "created_date": "2023-08-14T06:20:50.177Z", "modified_date": "2023-08-14T06:20:50.177Z", "type": "iconic"}}, {"model": "store.product", "pk": 48, "fields": {"product_name": "Roberto Carlos 2002", "slug": "roberto-carlos-2002", "description": "Lorem ipsum dolor sit amet, consectetur adipiscing elit, sed do eiusmod tempor incididunt ut labore et dolore magna aliqua. Ut enim ad minim veniam, quis nostrud exercitation ullamco laboris nisi ut aliquip ex ea commodo consequat. Duis aute irure do", "actual_price": 79, "discount_price": 75, "stock": 2, "product_img": "images/home/carlos_EmXkcUo.jpg", "product_img2": "images/home/carlos_VFPuLTk.jpg", "is_available": true, "club": 11, "created_date": "2023-08-14T06:22:21.028Z", "modified_date": "2023-08-14T06:22:21.028Z", "type": "iconic"}}, {"model": "store.product", "pk": 49, "fields": {"product_name": "Dennis Bergkamp Legendary Version", "slug": "dennis-bergkamp-legendary-version", "description": "Lorem ipsum dolor sit amet, consectetur adipiscing elit, sed do eiusmod tempor incididunt ut labore et dolore magna aliqua. Ut enim ad minim veniam, quis nostrud exercitation ullamco laboris nisi ut aliquip ex ea commodo consequat. Duis aute irure do", "actual_price": 81, "discount_price": 80, "stock": 4, "product_img": "images/home/bergkamp2_Hbisy3I.jpg", "product_img2": "images/home/bergkamp_8H92LGv.jpg", "is_available": true, "club": 6, "created_date": "2023-08-14T06:24:16.563Z", "modified_date": "2023-08-14T06:24:16.563Z", "type": "iconic"}}, {"model": "store.product", "pk": 50, "fields": {"product_name": "Del Piero 1999", "slug": "del-piero-1999", "description": "Lorem ipsum dolor sit amet, consectetur adipiscing elit, sed do eiusmod tempor incididunt ut labore et dolore magna aliqua. Ut enim ad minim veniam, quis nostrud exercitation ullamco laboris nisi ut aliquip ex ea commodo consequat. Duis aute irure do", "actual_price": 78, "discount_price": 74, "stock": 2, "product_img": "images/home/del.jpg", "product_img2": "images/home/del2.jpg", "is_available": true, "club": 15, "created_date": "2023-08-14T06:25:42.074Z", "modified_date": "2023-08-14T07:09:52.681Z", "type": "iconic"}}, {"model": "store.product", "pk": 51, "fields": {"product_name": "Didier Drogba 2012", "slug": "lothar-matthaus-retro", "description": "Lorem ipsum dolor sit amet, consectetur adipiscing elit, sed do eiusmod tempor incididunt ut labore et dolore magna aliqua. Ut enim ad minim veniam, quis nostrud exercitation ullamco laboris nisi ut aliquip ex ea commodo consequat. Duis aute irure do", "actual_price": 77, "discount_price": 76, "stock": 1, "product_img": "images/home/drogba_B2ZzfUj.jpg", "product_img2": "images/home/drogba_pi755Tl.jpg", "is_available": true, "club": 7, "created_date": "2023-08-14T06:27:22.271Z", "modified_date": "2023-08-14T07:12:58.645Z", "type": "iconic"}}, {"model": "store.product", "pk": 52, "fields": {"product_name": "Luiz Figo 2004", "slug": "luiz-figo-2004", "description": "Lorem ipsum dolor sit amet, consectetur adipiscing elit, sed do eiusmod tempor incididunt ut labore et dolore magna aliqua. Ut enim ad minim veniam, quis nostrud exercitation ullamco laboris nisi ut aliquip ex ea commodo consequat. Duis aute irure do", "actual_price": 78, "discount_price": 73, "stock": 4, "product_img": "images/home/figo_B4no8mu.webp", "product_img2": "images/home/figo_dEia6As.jpg", "is_available": true, "club": 26, "created_date": "2023-08-14T06:28:35.871Z", "modified_date": "2023-08-14T06:28:35.871Z", "type": "iconic"}}, {"model": "store.product", "pk": 53, "fields": {"product_name": "Rivaldo 1999", "slug": "rivaldo-1999", "description": "Lorem ipsum dolor sit amet, consectetur adipiscing elit, sed do eiusmod tempor incididunt ut labore et dolore magna aliqua. Ut enim ad minim veniam, quis nostrud exercitation ullamco laboris nisi ut aliquip ex ea commodo consequat. Duis aute irure do", "actual_price": 82, "discount_price": 79, "stock": 3, "product_img": "images/home/rivaldo2.jpg", "product_img2": "images/home/rivaldo_2eJ2MVm.jpg", "is_available": true, "club": 23, "created_date": "2023-08-14T06:38:01.828Z", "modified_date": "2023-08-14T06:38:01.828Z", "type": "iconic"}}, {"model": "store.product", "pk": 54, "fields": {"product_name": "Cristiano Ronaldo 2008", "slug": "cristiano-ronaldo-2008", "description": "Lorem ipsum dolor sit amet, consectetur adipiscing elit, sed do eiusmod tempor incididunt ut labore et dolore magna aliqua. Ut enim ad minim veniam, quis nostrud exercitation ullamco laboris nisi ut aliquip ex ea commodo consequat. Duis aute irure do", "actual_price": 81, "discount_price": 77, "stock": 4, "product_img": "images/home/rono_retro_yKo3e7I.jpg", "product_img2": "images/home/cr7_ur6R3l6.jpg", "is_available": true, "club": 4, "created_date": "2023-08-14T06:42:12.239Z", "modified_date": "2023-08-14T06:42:12.239Z", "type": "iconic"}}, {"model": "store.product", "pk": 55, "fields": {"product_name": "Ricardo Kaka 2006", "slug": "ricardo-kaka-2006", "description": "Lorem ipsum dolor sit amet, consectetur adipiscing elit, sed do eiusmod tempor incididunt ut labore et dolore magna aliqua. Ut enim ad minim veniam, quis nostrud exercitation ullamco laboris nisi ut aliquip ex ea commodo consequat. Duis aute irure do", "actual_price": 79, "discount_price": 79, "stock": 3, "product_img": "images/home/kaka.webp", "product_img2": "images/home/kaka2_9efkIwH.jpg", "is_available": true, "club": 14, "created_date": "2023-08-14T06:44:00.933Z", "modified_date": "2023-08-14T07:45:48.249Z", "type": "iconic"}}, {"model": "store.product", "pk": 56, "fields": {"product_name": "Sneijder 2010", "slug": "sneijder-2010", "description": "Lorem ipsum dolor sit amet, consectetur adipiscing elit, sed do eiusmod tempor incididunt ut labore et dolore magna aliqua. Ut enim ad minim veniam, quis nostrud exercitation ullamco laboris nisi ut aliquip ex ea commodo consequat. Duis aute irure do", "actual_price": 79, "discount_price": 74, "stock": 4, "product_img": "images/home/Sneijder.jpg", "product_img2": "images/home/snei2.jpg", "is_available": true, "club": 28, "created_date": "2023-08-14T06:49:03.030Z", "modified_date": "2023-08-14T06:49:03.030Z", "type": "iconic"}}, {"model": "store.product", "pk": 57, "fields": {"product_name": "Ankara Messi 2009", "slug": "ankara-messi-2009", "description": "Lorem ipsum dolor sit amet, consectetur adipiscing elit, sed do eiusmod tempor incididunt ut labore et dolore magna aliqua. Ut enim ad minim veniam, quis nostrud exercitation ullamco laboris nisi ut aliquip ex ea commodo consequat. Duis aute irure do", "actual_price": 84, "discount_price": 81, "stock": 5, "product_img": "images/home/messi_iconic_p1fep1v.jpg", "product_img2": "images/home/ancara.jpg", "is_available": true, "club": 10, "created_date": "2023-08-14T06:56:31.028Z", "modified_date": "2023-08-14T06:56:31.028Z", "type": "iconic"}}, {"model": "store.product", "pk": 58, "fields": {"product_name": "Steven Gerrard 2005", "slug": "steven-gerrard-2005", "description": "Lorem ipsum dolor sit amet, consectetur adipiscing elit, sed do eiusmod tempor incididunt ut labore et dolore magna aliqua. Ut enim ad minim veniam, quis nostrud exercitation ullamco laboris nisi ut aliquip ex ea commodo consequat. Duis aute irure do", "actual_price": 80, "discount_price": 75, "stock": 4, "product_img": "images/home/gerrard.jpg", "product_img2": "images/home/ger.jpg", "is_available": true, "club": 5, "created_date": "2023-08-14T07:08:19.609Z", "modified_date": "2023-08-14T07:08:19.609Z", "type": "iconic"}}, {"model": "store.product", "pk": 59, "fields": {"product_name": "Thierry Henry 2004", "slug": "thierry-henry-2004", "description": "Lorem ipsum dolor sit amet, consectetur adipiscing elit, sed do eiusmod tempor incididunt ut labore et dolore magna aliqua. Ut enim ad minim veniam, quis nostrud exercitation ullamco laboris nisi ut aliquip ex ea commodo consequat. Duis aute irure do", "actual_price": 81, "discount_price": 79, "stock": 3, "product_img": "images/home/arsenal_retro_RHhvZ9b.jpg", "product_img2": "images/home/henry_FoBUFPu.jpg", "is_available": true, "club": 6, "created_date": "2023-08-14T07:14:50.546Z", "modified_date": "2023-08-14T07:14:50.546Z", "type": "iconic"}}, {"model": "store.product", "pk": 60, "fields": {"product_name": "Puyol 2004", "slug": "puyol-2004", "description": "Lorem ipsum dolor sit amet, consectetur adipiscing elit, sed do eiusmod tempor incididunt ut labore et dolore magna aliqua. Ut enim ad minim veniam, quis nostrud exercitation ullamco laboris nisi ut aliquip ex ea commodo consequat. Duis aute irure do", "actual_price": 79, "discount_price": 75, "stock": 4, "product_img": "images/home/puyol.jpg", "product_img2": "images/home/pu.jpg", "is_available": true, "club": 30, "created_date": "2023-08-14T07:20:00.413Z", "modified_date": "2023-08-14T07:20:00.413Z", "type": "iconic"}}, {"model": "store.product", "pk": 61, "fields": {"product_name": "Diego Forlan 2010", "slug": "diego-forlan-2010", "description": "Lorem ipsum dolor sit amet, consectetur adipiscing elit, sed do eiusmod tempor incididunt ut labore et dolore magna aliqua. Ut enim ad minim veniam, quis nostrud exercitation ullamco laboris nisi ut aliquip ex ea commodo consequat. Duis aute irure do", "actual_price": 79, "discount_price": 77, "stock": 2, "product_img": "images/home/for.jpg", "product_img2": "images/home/for2.jpg", "is_available": true, "club": 29, "created_date": "2023-08-14T07:29:24.186Z", "modified_date": "2023-08-14T07:29:24.186Z", "type": "iconic"}}, {"model": "store.product", "pk": 62, "fields": {"product_name": "Inter Miami Home", "slug": "inter-miami-home", "description": "Lorem ipsum dolor sit amet, consectetur adipiscing elit, sed do eiusmod tempor incididunt ut labore et dolore magna aliqua. Ut enim ad minim veniam, quis nostrud exercitation ullamco laboris nisi ut aliquip ex ea commodo consequat. Duis aute irure do", "actual_price": 78, "discount_price": 74, "stock": 6, "product_img": "images/home/inter-messi_HK6YkGJ.jpg", "product_img2": "images/home/messi2_xnfjaG8.jpg", "is_available": true, "club": 1, "created_date": "2023-08-14T07:31:17.211Z", "modified_date": "2023-08-14T07:31:17.211Z", "type": "trending"}}, {"model": "store.product", "pk": 63, "fields": {"product_name": "Al Nassr Home", "slug": "al-nassr-home", "description": "Lorem ipsum dolor sit amet, consectetur adipiscing elit, sed do eiusmod tempor incididunt ut labore et dolore magna aliqua. Ut enim ad minim veniam, quis nostrud exercitation ullamco laboris nisi ut aliquip ex ea commodo consequat. Duis aute irure do", "actual_price": 77, "discount_price": 74, "stock": 7, "product_img": "images/home/al_nassr_nHyZnrp.jpg", "product_img2": "images/home/rono.jpg", "is_available": true, "club": 2, "created_date": "2023-08-14T07:32:55.773Z", "modified_date": "2023-08-14T07:32:55.773Z", "type": "trending"}}, {"model": "store.product", "pk": 64, "fields": {"product_name": "Manchester United Away 23/24", "slug": "manchester-united-away-2324", "description": "Lorem ipsum dolor sit amet, consectetur adipiscing elit, sed do eiusmod tempor incididunt ut labore et dolore magna aliqua. Ut enim ad minim veniam, quis nostrud exercitation ullamco laboris nisi ut aliquip ex ea commodo consequat. Duis aute irure do", "actual_price": 76, "discount_price": 72, "stock": 3, "product_img": "images/home/Manchester_Away_cGcqbCm.jpg", "product_img2": "images/home/man_utd_NabhfF6.png", "is_available": true, "club": 4, "created_date": "2023-08-14T07:34:12.505Z", "modified_date": "2023-08-14T07:34:12.505Z", "type": "trending"}}, {"model": "store.product", "pk": 65, "fields": {"product_name": "Real Madrid Home", "slug": "real-madrid-home", "description": "Lorem ipsum dolor sit amet, consectetur adipiscing elit, sed do eiusmod tempor incididunt ut labore et dolore magna aliqua. Ut enim ad minim veniam, quis nostrud exercitation ullamco laboris nisi ut aliquip ex ea commodo consequat. Duis aute irure do", "actual_price": 74, "discount_price": 70, "stock": 5, "product_img": "images/home/real_home_07iCpNg.webp", "product_img2": "images/home/vinicius_uBGXtaU.webp", "is_available": true, "club": 11, "created_date": "2023-08-14T07:40:59.627Z", "modified_date": "2023-08-14T07:40:59.627Z", "type": "trending"}}, {"model": "store.product", "pk": 66, "fields": {"product_name": "Maradona Boca Juniors 1981", "slug": "maradona-boca-juniors-1981", "description": "Lorem ipsum dolor sit amet, consectetur adipiscing elit, sed do eiusmod tempor incididunt ut labore et dolore magna aliqua. Ut enim ad minim veniam, quis nostrud exercitation ullamco laboris nisi ut aliquip ex ea commodo consequat. Duis aute irure do", "actual_price": 82, "discount_price": 82, "stock": 2, "product_img": "images/home/diego-boca1_mQ9J8Du.webp", "product_img2": "", "is_available": true, "club": 3, "created_date": "2023-08-14T07:44:39.869Z", "modified_date": "2023-08-14T07:44:39.869Z", "type": "maradona"}}, {"model": "store.product", "pk": 67, "fields": {"product_name": "Maradona Napoli 1988", "slug": "maradona-napoli-1988", "description": "Lorem ipsum dolor sit amet, consectetur adipiscing elit, sed do eiusmod tempor incididunt ut labore et dolore magna aliqua. Ut enim ad minim veniam, quis nostrud exercitation ullamco laboris nisi ut aliquip ex ea commodo consequat. Duis aute irure do", "actual_price": 84, "discount_price": 80, "stock": 2, "product_img": "images/home/diego-napoli.jpg", "product_img2": "", "is_available": true, "club": 17, "created_date": "2023-08-14T07:54:45.214Z", "modified_date": "2023-08-14T07:54:45.214Z", "type": "maradona"}}, {"model": "store.product", "pk": 68, "fields": {"product_name": "Maradona Napoli 1986", "slug": "maradona-napoli-1986", "description": "Lorem ipsum dolor sit amet, consectetur adipiscing elit, sed do eiusmod tempor incididunt ut labore et dolore magna aliqua. Ut enim ad minim veniam, quis nostrud exercitation ullamco laboris nisi ut aliquip ex ea commodo consequat. Duis aute irure do", "actual_price": 83, "discount_price": 82, "stock": 3, "product_img": "images/home/napoli_mara.webp", "product_img2": "", "is_available": true, "club": 17, "created_date": "2023-08-14T08:00:20.370Z", "modified_date": "2023-08-14T08:00:20.371Z", "type": "maradona"}}, {"model": "store.product", "pk": 69, "fields": {"product_name": "Maradona 1986 Home", "slug": "maradona-1986-home", "description": "Lorem ipsum dolor sit amet, consectetur adipiscing elit, sed do eiusmod tempor incididunt ut labore et dolore magna aliqua. Ut enim ad minim veniam, quis nostrud exercitation ullamco laboris nisi ut aliquip ex ea commodo consequat. Duis aute irure do", "actual_price": 79, "discount_price": 78, "stock": 2, "product_img": "images/home/diego_86_LuRayYd.jpg", "product_img2": "", "is_available": true, "club": 22, "created_date": "2023-08-14T08:03:44.214Z", "modified_date": "2023-08-14T08:03:44.214Z", "type": "maradona"}}, {"model": "store.product", "pk": 70, "fields": {"product_name": "Maradona - Hand of God", "slug": "maradona-hand-of-god", "description": "Lorem ipsum dolor sit amet, consectetur adipiscing elit, sed do eiusmod tempor incididunt ut labore et dolore magna aliqua. Ut enim ad minim veniam, quis nostrud exercitation ullamco laboris nisi ut aliquip ex ea commodo consequat. Duis aute irure do", "actual_price": 85, "discount_price": 79, "stock": 2, "product_img": "images/home/hand_of_god_hOj8gz9.jpeg", "product_img2": "", "is_available": true, "club": 22, "created_date": "2023-08-14T08:04:53.001Z", "modified_date": "2023-08-14T08:04:53.001Z", "type": "maradona"}}, {"model": "store.productimage", "pk": 1, "fields": {"images": "images/product/diego_boca_3.webp", "product": 66}}, {"model": "store.productimage", "pk": 2, "fields": {"images": "images/product/diego_boca2.webp", "product": 66}}, {"model": "store.productimage", "pk": 3, "fields": {"images": "images/product/diego_2.jpg", "product": 66}}, {"model": "store.productimage", "pk": 4, "fields": {"images": "images/product/diego_nap2.jpeg", "product": 67}}, {"model": "store.productimage", "pk": 5, "fields": {"images": "images/product/diego.jpg", "product": 69}}]
